,file_name,hair_color,eyeglasses,smiling,young,human
0,1,1,-1,1,1,-1
1,2,4,-1,1,1,1
2,3,5,-1,1,-1,-1
6,7,2,-1,1,1,-1
7,8,3,-1,1,1,-1
8,9,1,1,1,1,-1
9,10,5,-1,1,-1,-1
11,12,1,-1,1,1,-1
12,13,3,-1,-1,1,1
13,14,4,-1,-1,1,1
15,16,5,1,1,-1,-1
16,17,4,-1,1,1,-1
17,18,4,1,1,1,-1
18,19,4,-1,-1,1,1
19,20,1,-1,-1,1,1
21,22,-1,-1,-1,1,1
22,23,-1,-1,1,1,1
23,24,5,1,1,-1,-1
24,25,1,-1,1,1,-1
25,26,2,-1,1,1,-1
27,28,3,1,1,1,-1
28,29,5,1,1,-1,-1
29,30,1,-1,1,-1,1
30,31,3,-1,-1,1,1
31,32,5,1,1,-1,-1
32,33,-1,-1,-1,1,1
33,34,1,1,1,1,-1
34,35,1,1,1,1,-1
35,36,2,1,1,1,-1
36,37,1,-1,1,1,-1
37,38,-1,-1,1,1,1
38,39,1,-1,1,1,1
39,40,1,-1,1,1,-1
40,41,3,-1,-1,1,1
41,42,-1,-1,1,1,1
42,43,4,-1,-1,1,1
43,44,1,1,1,1,-1
44,45,5,-1,1,-1,-1
45,46,4,1,1,1,-1
46,47,4,-1,1,1,1
47,48,4,-1,1,-1,1
48,49,4,-1,-1,1,1
49,50,4,-1,1,-1,1
50,51,3,-1,-1,1,1
51,52,4,1,1,-1,1
52,53,0,-1,1,1,1
53,54,4,-1,-1,1,1
54,55,1,1,1,1,-1
55,56,4,-1,1,1,1
56,57,3,-1,1,1,-1
58,59,1,1,1,1,-1
59,60,-1,-1,-1,-1,1
60,61,1,1,1,1,-1
61,62,5,-1,1,-1,-1
62,63,-1,-1,1,1,1
63,64,2,1,1,1,-1
64,65,-1,-1,1,-1,1
65,66,1,1,1,1,-1
67,68,4,1,1,1,-1
68,69,1,-1,1,1,-1
69,70,4,-1,-1,1,1
70,71,4,-1,1,1,-1
71,72,-1,-1,-1,-1,1
72,73,4,-1,1,1,-1
73,74,1,1,1,1,-1
74,75,1,1,1,1,-1
75,76,5,-1,1,-1,1
76,77,3,-1,1,1,-1
77,78,2,-1,1,1,-1
78,79,1,-1,1,1,-1
79,80,0,1,1,-1,1
80,81,-1,-1,-1,-1,1
82,83,2,-1,1,1,-1
83,84,1,1,1,1,-1
84,85,5,-1,1,-1,-1
85,86,3,-1,1,1,1
86,87,3,-1,1,1,1
87,88,4,-1,1,1,1
88,89,-1,-1,1,1,1
89,90,-1,-1,1,1,1
90,91,4,-1,-1,1,1
91,92,1,1,1,1,-1
92,93,4,-1,-1,1,1
93,94,3,-1,1,1,-1
94,95,5,-1,1,-1,-1
95,96,1,-1,1,1,-1
96,97,2,1,1,1,-1
97,98,4,-1,1,1,1
98,99,-1,-1,-1,1,1
99,100,4,-1,1,1,1
100,101,-1,-1,1,1,1
101,102,-1,-1,-1,1,1
102,103,2,-1,1,1,-1
103,104,4,-1,1,1,1
104,105,2,1,1,1,-1
105,106,1,-1,1,1,1
106,107,2,1,1,1,-1
107,108,5,1,1,-1,-1
108,109,2,-1,1,1,-1
109,110,4,-1,1,1,1
110,111,4,-1,1,1,-1
111,112,5,-1,1,-1,-1
112,113,5,1,1,-1,-1
113,114,1,-1,1,1,-1
114,115,4,-1,-1,1,1
115,116,3,-1,1,1,1
116,117,3,1,1,1,-1
117,118,1,1,1,1,-1
118,119,-1,-1,1,1,1
119,120,3,1,1,1,-1
120,121,1,1,1,1,-1
121,122,3,-1,1,1,-1
122,123,2,-1,1,1,-1
123,124,3,1,1,1,-1
125,126,5,1,1,-1,-1
126,127,2,1,1,1,-1
127,128,1,-1,-1,1,1
129,130,4,-1,1,1,-1
130,131,1,-1,1,1,-1
131,132,-1,-1,1,1,1
132,133,3,-1,1,1,-1
133,134,1,-1,1,1,1
134,135,1,1,1,1,-1
135,136,0,-1,1,1,1
136,137,1,-1,1,1,-1
137,138,-1,-1,-1,1,1
138,139,-1,1,-1,1,1
139,140,4,-1,1,1,-1
140,141,5,1,1,-1,-1
141,142,3,1,1,1,-1
142,143,5,-1,1,-1,-1
143,144,3,-1,1,1,1
144,145,2,1,1,1,-1
145,146,3,-1,1,1,-1
146,147,5,-1,-1,-1,1
147,148,2,1,1,1,-1
148,149,4,-1,1,1,-1
149,150,4,1,1,1,-1
151,152,4,1,1,1,-1
152,153,4,-1,1,1,1
153,154,3,-1,1,1,-1
154,155,5,-1,1,-1,-1
155,156,1,-1,1,1,-1
156,157,-1,-1,-1,-1,1
157,158,4,1,1,1,-1
158,159,1,-1,1,1,-1
159,160,4,-1,1,1,1
161,162,3,1,1,1,-1
162,163,3,-1,1,1,-1
163,164,4,1,1,1,-1
164,165,5,1,1,-1,-1
165,166,1,1,1,1,-1
167,168,4,-1,1,1,-1
168,169,3,-1,1,1,-1
169,170,3,-1,-1,1,1
171,172,2,-1,1,1,-1
172,173,3,1,-1,-1,1
173,174,4,-1,-1,1,1
175,176,1,-1,1,1,-1
176,177,1,-1,1,-1,1
177,178,4,-1,-1,1,1
178,179,-1,-1,-1,1,1
179,180,5,1,1,-1,-1
180,181,4,-1,-1,1,1
181,182,5,-1,1,-1,-1
182,183,1,-1,1,1,-1
183,184,4,1,1,1,-1
184,185,-1,-1,1,-1,1
185,186,4,-1,1,1,1
186,187,4,1,1,1,-1
188,189,-1,-1,-1,-1,1
189,190,-1,1,1,1,1
190,191,-1,-1,-1,1,1
191,192,3,-1,1,1,1
193,194,5,-1,1,-1,-1
194,195,2,1,1,1,-1
196,197,4,-1,1,1,1
197,198,2,1,1,1,-1
198,199,3,-1,1,1,1
199,200,2,-1,1,1,-1
200,201,4,-1,1,1,1
201,202,-1,-1,-1,1,1
203,204,4,1,1,1,-1
204,205,1,-1,1,1,-1
205,206,-1,-1,1,1,1
207,208,4,-1,-1,1,1
208,209,-1,-1,1,1,1
209,210,4,-1,1,1,1
210,211,1,-1,1,1,-1
211,212,1,-1,1,1,-1
212,213,1,1,1,1,-1
213,214,5,-1,1,-1,-1
214,215,2,1,1,1,-1
215,216,1,-1,1,1,1
216,217,3,1,1,1,-1
217,218,-1,-1,-1,-1,1
218,219,3,1,1,1,-1
220,221,5,1,1,-1,-1
222,223,-1,-1,-1,1,1
223,224,-1,-1,-1,1,1
224,225,0,-1,-1,1,1
225,226,-1,-1,1,1,1
227,228,1,-1,1,1,-1
228,229,3,-1,1,1,1
229,230,1,-1,1,1,-1
230,231,5,-1,1,-1,-1
231,232,3,1,1,1,-1
232,233,4,-1,1,1,1
233,234,1,1,1,1,-1
234,235,1,1,1,1,-1
235,236,4,-1,1,1,1
236,237,1,1,1,1,-1
237,238,3,1,1,1,-1
238,239,4,-1,1,1,-1
239,240,0,-1,1,-1,-1
240,241,3,-1,1,1,-1
241,242,1,1,1,1,-1
242,243,4,-1,-1,1,1
243,244,1,1,-1,1,1
244,245,4,-1,1,1,1
245,246,-1,-1,-1,-1,1
246,247,1,-1,1,1,-1
248,249,2,-1,1,1,-1
249,250,4,-1,-1,1,1
251,252,3,-1,-1,1,1
253,254,4,-1,1,-1,1
254,255,4,1,1,1,-1
255,256,1,-1,1,1,1
256,257,1,-1,1,1,-1
257,258,-1,-1,-1,1,1
258,259,3,-1,-1,1,1
259,260,4,1,1,1,-1
260,261,1,-1,1,1,-1
261,262,3,-1,1,1,1
262,263,1,-1,1,1,-1
263,264,1,-1,-1,1,1
264,265,3,-1,1,1,-1
266,267,-1,-1,1,1,1
267,268,4,1,1,1,-1
268,269,1,-1,-1,1,1
269,270,2,-1,1,1,-1
270,271,1,-1,1,1,-1
271,272,4,-1,1,1,1
272,273,1,1,1,1,-1
273,274,1,-1,1,1,1
274,275,3,-1,1,1,-1
275,276,5,-1,1,-1,-1
276,277,-1,-1,1,-1,1
277,278,4,-1,1,1,-1
278,279,1,-1,-1,1,1
279,280,0,-1,1,-1,1
280,281,3,-1,-1,1,1
281,282,-1,-1,-1,1,1
282,283,2,-1,1,1,-1
283,284,3,-1,-1,1,1
284,285,-1,-1,-1,1,1
285,286,5,1,1,-1,-1
286,287,4,-1,1,1,1
289,290,2,-1,1,1,-1
290,291,0,-1,-1,-1,1
291,292,4,-1,-1,1,1
292,293,5,-1,1,-1,1
293,294,4,-1,1,1,1
294,295,4,-1,1,1,-1
295,296,1,-1,1,1,1
296,297,4,-1,1,1,-1
297,298,3,-1,-1,1,1
298,299,2,1,1,1,-1
299,300,1,-1,1,1,-1
301,302,5,1,1,-1,-1
302,303,2,-1,1,1,-1
303,304,4,-1,-1,1,1
305,306,4,-1,1,1,-1
306,307,4,-1,-1,1,1
307,308,3,-1,1,-1,1
308,309,1,-1,1,1,-1
309,310,5,-1,1,-1,-1
310,311,4,-1,-1,1,1
311,312,1,1,1,1,-1
312,313,5,-1,-1,1,1
313,314,1,-1,1,1,-1
314,315,2,1,1,1,-1
316,317,2,-1,1,1,-1
317,318,3,-1,1,1,-1
318,319,-1,-1,1,1,1
319,320,2,-1,1,1,-1
320,321,3,-1,1,1,-1
321,322,2,-1,1,1,-1
322,323,4,-1,-1,1,1
324,325,1,-1,1,1,1
326,327,2,1,1,1,-1
327,328,4,-1,1,-1,1
328,329,5,-1,1,-1,-1
329,330,4,-1,1,-1,1
330,331,4,-1,1,1,1
331,332,-1,-1,-1,-1,1
332,333,-1,-1,1,1,1
333,334,5,-1,1,-1,-1
334,335,5,-1,1,-1,-1
335,336,3,-1,1,-1,1
336,337,1,-1,1,1,-1
337,338,-1,-1,-1,1,1
338,339,3,1,1,1,-1
341,342,-1,-1,1,1,1
342,343,3,1,1,1,-1
343,344,1,1,1,1,-1
344,345,1,-1,-1,1,1
345,346,4,-1,1,-1,1
346,347,3,1,1,1,-1
347,348,3,-1,-1,1,1
348,349,5,1,1,-1,-1
349,350,4,1,1,1,1
350,351,3,-1,1,1,-1
351,352,4,1,1,1,-1
352,353,3,-1,1,1,-1
353,354,1,-1,1,1,-1
354,355,-1,-1,1,1,1
355,356,1,-1,1,1,-1
356,357,4,-1,1,1,1
359,360,4,-1,-1,1,1
360,361,3,-1,1,1,-1
362,363,3,-1,1,1,1
364,365,1,-1,1,1,1
365,366,0,-1,-1,1,1
366,367,4,-1,-1,1,1
368,369,4,-1,1,1,-1
369,370,4,-1,-1,1,1
370,371,1,1,1,1,-1
371,372,-1,-1,1,-1,1
372,373,3,-1,-1,1,1
373,374,3,1,1,1,-1
374,375,5,-1,1,-1,-1
375,376,-1,-1,1,1,1
377,378,3,-1,1,1,1
378,379,4,-1,1,1,-1
379,380,3,-1,1,1,1
380,381,4,-1,1,1,-1
381,382,-1,-1,-1,-1,1
382,383,1,-1,1,1,1
383,384,5,-1,1,-1,-1
384,385,5,1,1,-1,-1
387,388,1,1,1,1,-1
388,389,4,-1,1,1,1
389,390,3,-1,-1,1,1
390,391,2,1,1,1,-1
391,392,4,-1,-1,1,1
393,394,1,-1,-1,1,1
394,395,5,1,1,-1,-1
395,396,3,-1,1,1,1
396,397,4,-1,-1,1,1
397,398,5,1,1,-1,-1
398,399,4,1,1,1,-1
399,400,3,-1,1,1,1
400,401,1,-1,1,-1,1
401,402,3,1,1,1,-1
402,403,1,1,1,1,-1
403,404,3,-1,1,-1,1
404,405,3,1,1,1,-1
405,406,1,-1,1,1,-1
406,407,1,-1,1,1,-1
407,408,3,-1,1,1,-1
408,409,3,-1,1,1,-1
409,410,-1,-1,-1,1,1
410,411,5,-1,1,-1,1
411,412,-1,-1,1,1,1
412,413,3,-1,1,1,-1
413,414,2,-1,1,1,-1
415,416,5,1,1,-1,-1
416,417,3,-1,1,1,1
417,418,1,1,1,1,-1
418,419,5,-1,1,-1,-1
419,420,-1,-1,-1,1,1
420,421,2,-1,1,1,-1
421,422,3,1,1,1,-1
422,423,3,-1,-1,1,1
423,424,3,-1,1,1,1
424,425,4,1,1,1,-1
425,426,-1,-1,1,-1,1
427,428,3,-1,1,1,-1
428,429,1,-1,1,1,-1
429,430,3,-1,1,-1,1
430,431,4,-1,1,1,1
432,433,1,-1,1,1,-1
433,434,2,1,1,1,-1
434,435,2,1,1,1,-1
435,436,-1,-1,-1,1,1
436,437,3,-1,-1,-1,1
437,438,2,1,1,1,-1
438,439,1,-1,-1,1,1
440,441,-1,-1,-1,1,1
441,442,-1,-1,1,1,1
442,443,2,1,1,1,-1
443,444,4,-1,1,1,-1
444,445,3,-1,-1,1,1
445,446,2,-1,1,1,-1
446,447,3,-1,1,1,-1
447,448,3,-1,1,1,1
449,450,-1,-1,1,1,1
450,451,4,1,1,1,-1
452,453,-1,-1,1,1,1
453,454,2,1,1,1,-1
454,455,1,-1,1,1,1
455,456,3,1,1,1,1
456,457,3,-1,-1,1,1
457,458,2,-1,1,1,-1
458,459,5,-1,1,-1,-1
459,460,4,-1,-1,1,1
460,461,3,-1,1,1,1
461,462,3,1,1,1,-1
462,463,3,-1,1,1,1
463,464,4,-1,1,1,1
464,465,4,-1,1,1,1
466,467,3,-1,-1,1,1
467,468,4,1,1,1,-1
468,469,4,-1,-1,1,1
469,470,5,1,1,-1,-1
471,472,5,-1,1,-1,-1
472,473,3,-1,1,1,-1
473,474,-1,-1,-1,1,1
474,475,5,-1,1,-1,-1
475,476,5,-1,1,-1,-1
476,477,1,-1,1,1,-1
477,478,3,-1,1,1,-1
478,479,3,-1,1,1,-1
479,480,1,-1,1,1,1
480,481,3,-1,1,1,-1
481,482,3,1,1,1,-1
482,483,2,-1,1,1,-1
483,484,-1,-1,-1,1,1
484,485,-1,-1,1,1,1
485,486,4,-1,-1,1,1
486,487,2,1,1,1,-1
487,488,1,1,1,1,-1
488,489,5,1,1,-1,-1
489,490,2,1,1,1,-1
490,491,3,1,1,1,-1
491,492,5,1,1,-1,-1
492,493,1,-1,1,1,1
493,494,1,1,1,1,-1
494,495,3,-1,-1,1,1
496,497,3,-1,-1,1,1
497,498,-1,-1,-1,1,1
498,499,4,-1,-1,1,1
499,500,1,-1,1,1,1
500,501,1,-1,-1,1,1
501,502,3,-1,1,1,-1
503,504,3,-1,1,1,-1
504,505,1,1,1,1,-1
505,506,0,-1,1,-1,-1
506,507,3,-1,1,1,1
507,508,4,-1,1,1,-1
508,509,1,1,1,1,-1
509,510,1,-1,1,1,1
512,513,-1,-1,-1,-1,1
513,514,3,1,1,1,-1
514,515,-1,-1,1,-1,1
515,516,3,-1,-1,1,1
517,518,3,-1,1,-1,1
518,519,-1,-1,1,1,1
519,520,5,1,1,-1,-1
520,521,-1,-1,1,1,1
521,522,1,-1,1,1,1
522,523,4,-1,1,1,1
523,524,-1,-1,1,1,1
524,525,1,1,1,1,-1
525,526,1,1,1,1,-1
526,527,4,-1,-1,1,1
527,528,5,1,1,-1,-1
528,529,-1,-1,1,1,1
529,530,-1,-1,1,1,1
530,531,3,1,1,1,-1
531,532,1,-1,1,-1,1
532,533,3,-1,-1,-1,1
533,534,2,1,1,1,-1
534,535,1,-1,1,-1,1
535,536,1,1,1,1,-1
536,537,4,-1,1,1,-1
537,538,3,-1,-1,1,1
540,541,2,-1,1,1,-1
542,543,3,-1,1,1,-1
543,544,4,-1,1,1,-1
544,545,2,1,1,1,-1
545,546,3,-1,-1,1,1
546,547,2,-1,1,1,-1
548,549,4,-1,-1,1,1
549,550,1,-1,1,1,-1
550,551,2,1,1,1,-1
551,552,4,-1,1,-1,1
552,553,2,1,1,1,-1
553,554,5,1,1,-1,-1
554,555,1,-1,1,1,1
555,556,4,-1,-1,1,1
556,557,5,-1,1,-1,-1
557,558,-1,-1,1,1,1
558,559,4,-1,1,1,-1
559,560,-1,1,-1,-1,1
560,561,5,1,1,-1,-1
561,562,2,-1,1,1,-1
562,563,0,-1,1,-1,-1
563,564,4,-1,1,1,-1
564,565,3,1,1,1,-1
567,568,5,-1,1,-1,-1
568,569,3,-1,1,1,1
569,570,1,-1,1,1,-1
570,571,5,-1,1,-1,-1
571,572,1,1,1,1,-1
572,573,3,-1,1,1,1
575,576,4,1,1,1,-1
576,577,-1,-1,1,1,1
577,578,3,1,1,1,-1
578,579,4,1,1,1,-1
579,580,-1,-1,-1,1,1
580,581,-1,-1,1,1,1
581,582,-1,-1,1,1,1
582,583,3,-1,1,1,1
583,584,4,-1,1,1,1
584,585,5,1,1,-1,-1
585,586,3,-1,1,1,-1
586,587,-1,-1,-1,1,1
587,588,3,-1,1,1,-1
588,589,-1,-1,1,-1,1
589,590,5,-1,1,-1,-1
590,591,1,1,1,1,-1
591,592,-1,-1,1,1,1
592,593,1,-1,1,1,1
593,594,1,-1,1,1,-1
594,595,1,1,1,1,-1
596,597,-1,-1,-1,1,1
597,598,3,-1,1,1,-1
598,599,-1,-1,-1,1,1
600,601,3,-1,1,1,1
601,602,3,1,-1,1,1
602,603,-1,-1,-1,1,1
603,604,1,-1,1,1,-1
604,605,1,-1,1,1,-1
605,606,2,1,1,1,-1
606,607,5,1,1,-1,-1
607,608,1,-1,1,1,1
608,609,2,-1,1,1,-1
610,611,4,-1,1,1,1
611,612,1,-1,1,1,1
612,613,3,-1,1,1,1
613,614,4,-1,1,1,1
614,615,-1,-1,-1,1,1
615,616,4,-1,-1,1,1
616,617,1,1,1,1,-1
617,618,3,-1,1,1,-1
618,619,1,1,1,1,-1
619,620,1,-1,1,1,1
620,621,3,-1,1,1,1
621,622,1,-1,-1,1,1
622,623,1,-1,1,1,-1
623,624,4,-1,1,1,1
625,626,3,1,1,1,-1
626,627,1,-1,1,1,1
627,628,4,-1,1,1,1
628,629,-1,-1,1,1,1
629,630,-1,-1,1,1,1
630,631,4,-1,-1,1,1
631,632,2,-1,1,1,-1
632,633,2,1,1,1,-1
634,635,-1,-1,1,-1,1
635,636,1,-1,1,1,1
636,637,-1,-1,1,1,1
639,640,1,-1,1,1,-1
640,641,-1,-1,-1,-1,1
641,642,1,-1,1,1,1
642,643,4,-1,1,1,1
643,644,4,-1,1,1,1
644,645,4,1,-1,1,1
645,646,1,1,1,1,-1
646,647,1,-1,1,1,-1
647,648,2,1,1,1,-1
648,649,4,-1,-1,1,1
650,651,4,-1,-1,1,1
651,652,3,-1,1,-1,1
652,653,-1,-1,1,-1,1
653,654,3,1,1,1,-1
654,655,5,-1,1,-1,-1
655,656,1,-1,1,1,1
656,657,5,-1,1,-1,-1
657,658,3,-1,-1,1,1
658,659,-1,-1,1,1,1
659,660,4,-1,1,1,1
660,661,3,1,1,1,-1
661,662,1,-1,1,1,-1
663,664,4,-1,1,1,-1
664,665,-1,-1,1,-1,1
665,666,2,-1,1,1,-1
666,667,4,1,1,1,-1
667,668,4,-1,1,1,1
669,670,2,-1,1,1,-1
670,671,5,-1,1,-1,-1
671,672,2,-1,1,1,-1
672,673,4,-1,-1,1,1
673,674,3,-1,1,1,-1
674,675,4,-1,1,1,1
675,676,4,-1,-1,1,1
676,677,1,1,1,1,-1
677,678,5,1,1,-1,-1
678,679,4,-1,1,1,-1
679,680,-1,-1,1,1,1
680,681,3,1,1,1,-1
681,682,5,-1,1,-1,-1
682,683,5,-1,1,-1,-1
683,684,3,-1,1,1,-1
684,685,3,-1,1,1,1
685,686,3,1,-1,1,1
686,687,1,-1,1,-1,1
687,688,5,1,1,-1,-1
688,689,4,-1,-1,1,1
689,690,4,-1,1,1,1
690,691,3,-1,1,1,-1
692,693,1,-1,-1,1,1
693,694,2,-1,1,1,-1
695,696,1,-1,1,1,1
696,697,2,1,1,1,-1
697,698,3,1,-1,1,1
698,699,4,-1,1,1,-1
699,700,1,1,1,1,-1
700,701,2,1,1,1,-1
701,702,1,1,1,1,-1
702,703,2,1,1,1,-1
703,704,3,-1,-1,1,1
704,705,-1,-1,-1,-1,1
705,706,4,-1,1,1,1
706,707,2,-1,1,1,-1
707,708,4,-1,1,1,1
708,709,-1,-1,1,1,1
709,710,-1,-1,-1,1,1
711,712,5,1,1,-1,-1
712,713,1,-1,1,1,-1
714,715,1,-1,1,1,-1
715,716,1,-1,1,-1,1
716,717,5,-1,1,-1,-1
718,719,3,1,1,-1,1
720,721,1,-1,1,1,-1
721,722,1,1,1,1,-1
722,723,5,1,1,-1,-1
723,724,4,-1,1,1,1
724,725,1,-1,1,1,-1
725,726,3,-1,1,1,-1
726,727,0,-1,-1,-1,1
728,729,3,-1,1,1,-1
731,732,-1,-1,-1,1,1
732,733,-1,-1,1,-1,1
733,734,3,-1,1,1,-1
734,735,-1,-1,1,1,1
735,736,-1,-1,-1,1,1
736,737,1,1,1,1,-1
737,738,5,1,1,-1,-1
738,739,3,-1,-1,1,1
739,740,2,-1,1,1,-1
741,742,2,1,1,1,-1
742,743,4,-1,1,1,-1
743,744,3,1,1,1,-1
744,745,1,1,1,1,-1
745,746,1,1,1,1,-1
746,747,3,-1,1,1,-1
748,749,1,-1,1,1,1
749,750,4,-1,-1,1,1
750,751,3,-1,1,1,1
751,752,1,1,1,1,-1
752,753,3,-1,1,1,1
754,755,2,-1,1,1,-1
755,756,4,-1,-1,1,1
756,757,3,-1,1,1,-1
757,758,5,1,-1,-1,1
758,759,3,-1,-1,1,1
759,760,5,1,1,-1,-1
760,761,5,1,1,-1,-1
762,763,0,-1,-1,-1,1
763,764,2,1,1,1,-1
764,765,3,-1,1,1,-1
765,766,4,-1,1,1,-1
766,767,3,-1,1,1,1
767,768,1,-1,1,1,-1
768,769,4,-1,1,1,-1
770,771,1,1,1,1,-1
771,772,3,-1,1,1,1
772,773,3,-1,1,1,1
773,774,5,-1,1,-1,-1
774,775,-1,-1,1,1,1
775,776,5,-1,-1,-1,1
776,777,1,-1,1,1,-1
779,780,2,-1,1,1,-1
780,781,2,1,1,1,-1
781,782,3,1,1,1,-1
782,783,-1,-1,-1,1,1
783,784,1,-1,1,1,1
784,785,5,-1,1,-1,-1
785,786,2,1,1,1,-1
786,787,-1,-1,-1,1,1
787,788,1,-1,1,-1,1
788,789,1,-1,-1,1,1
789,790,4,-1,-1,1,1
790,791,1,-1,1,1,1
791,792,2,-1,1,1,-1
793,794,1,1,1,1,-1
794,795,3,-1,-1,1,1
795,796,-1,-1,1,1,1
796,797,4,-1,1,1,-1
797,798,3,1,1,1,-1
798,799,2,-1,1,1,-1
799,800,4,-1,-1,1,1
800,801,4,-1,1,1,1
801,802,3,1,1,1,-1
802,803,-1,-1,1,1,1
803,804,4,-1,1,1,-1
805,806,-1,1,1,1,1
806,807,1,-1,1,1,1
807,808,0,-1,-1,-1,1
808,809,1,1,1,1,-1
809,810,1,-1,1,1,-1
810,811,5,-1,1,-1,-1
811,812,-1,-1,-1,1,1
813,814,1,-1,-1,1,1
814,815,4,1,1,1,-1
815,816,4,-1,1,1,-1
816,817,-1,-1,1,1,1
817,818,5,-1,-1,-1,1
818,819,1,-1,1,1,-1
819,820,-1,-1,1,1,1
821,822,0,1,-1,1,1
822,823,1,1,1,1,-1
824,825,3,-1,1,1,-1
825,826,1,-1,1,1,-1
826,827,1,-1,1,1,-1
827,828,1,-1,1,1,-1
828,829,4,-1,-1,1,1
829,830,1,1,1,1,-1
830,831,1,-1,-1,1,1
831,832,1,1,1,1,-1
832,833,1,-1,1,1,-1
833,834,1,1,1,1,-1
834,835,-1,-1,-1,1,1
835,836,3,-1,1,1,1
836,837,1,-1,1,1,1
837,838,3,-1,1,1,1
838,839,-1,-1,-1,1,1
839,840,2,1,1,1,-1
840,841,4,-1,-1,1,1
841,842,-1,-1,-1,1,1
843,844,1,-1,1,1,-1
844,845,2,-1,1,1,-1
845,846,4,-1,-1,1,1
846,847,1,1,1,1,-1
847,848,-1,-1,1,1,1
848,849,5,1,1,-1,-1
849,850,3,-1,1,1,1
850,851,5,-1,1,-1,-1
851,852,4,1,-1,1,1
852,853,5,-1,1,-1,-1
853,854,3,1,1,1,-1
854,855,3,-1,-1,1,1
855,856,4,-1,-1,1,1
856,857,-1,-1,1,1,1
857,858,1,1,1,1,-1
858,859,-1,-1,-1,1,1
859,860,1,1,1,1,-1
860,861,1,-1,1,1,1
862,863,5,1,1,-1,-1
863,864,-1,-1,-1,1,1
865,866,3,-1,1,1,1
866,867,-1,-1,1,-1,1
868,869,4,-1,1,1,1
869,870,2,-1,1,1,-1
870,871,5,1,1,-1,-1
871,872,1,1,1,1,-1
872,873,1,1,1,1,-1
873,874,3,-1,1,1,-1
876,877,4,-1,1,1,1
877,878,4,-1,-1,1,1
879,880,4,1,1,1,-1
880,881,4,-1,1,1,1
881,882,3,-1,1,1,-1
882,883,3,-1,1,1,-1
883,884,1,1,1,1,-1
884,885,1,-1,1,1,-1
885,886,1,1,1,1,-1
886,887,3,1,1,1,-1
887,888,1,-1,1,1,-1
888,889,-1,-1,1,-1,1
889,890,2,1,1,1,-1
890,891,1,-1,1,1,-1
891,892,3,-1,-1,1,1
893,894,1,-1,-1,-1,1
894,895,5,1,1,-1,-1
895,896,1,-1,1,1,-1
896,897,-1,1,-1,1,1
897,898,1,1,1,1,-1
898,899,3,1,1,1,-1
899,900,5,-1,1,-1,-1
900,901,4,-1,1,1,1
901,902,1,1,1,1,-1
902,903,3,-1,1,1,-1
903,904,1,-1,1,1,-1
904,905,0,-1,1,-1,-1
905,906,4,-1,1,1,1
906,907,0,-1,-1,1,1
907,908,2,-1,1,1,-1
908,909,1,1,1,1,-1
909,910,2,1,1,1,-1
910,911,4,-1,1,1,-1
911,912,1,-1,-1,1,1
913,914,4,-1,1,1,-1
915,916,2,-1,1,1,-1
916,917,3,-1,1,1,1
917,918,1,1,1,1,-1
918,919,3,-1,1,1,1
919,920,1,1,1,1,-1
920,921,2,-1,1,1,-1
921,922,3,1,1,1,-1
922,923,1,1,1,1,-1
923,924,4,-1,1,1,1
924,925,1,1,1,1,-1
925,926,-1,-1,1,1,1
926,927,3,-1,-1,1,1
927,928,2,-1,1,1,-1
928,929,-1,-1,-1,1,1
929,930,4,1,1,1,-1
931,932,1,-1,-1,-1,1
932,933,5,-1,1,-1,-1
933,934,2,1,1,1,-1
934,935,0,1,1,-1,-1
935,936,4,-1,-1,1,1
936,937,4,1,1,-1,1
937,938,-1,-1,-1,1,1
939,940,5,1,1,-1,-1
940,941,2,1,1,1,-1
941,942,3,-1,-1,1,1
942,943,5,-1,1,-1,-1
943,944,5,1,1,-1,-1
944,945,4,-1,-1,1,1
945,946,4,1,1,1,-1
946,947,5,-1,1,-1,-1
947,948,-1,-1,1,-1,1
948,949,5,1,1,-1,-1
949,950,0,-1,1,1,1
950,951,4,-1,-1,1,1
952,953,3,1,1,1,-1
953,954,3,-1,1,1,-1
954,955,2,1,1,1,-1
955,956,2,1,1,1,-1
956,957,2,-1,1,1,-1
957,958,3,-1,1,1,-1
958,959,4,-1,-1,1,1
959,960,-1,-1,-1,1,1
960,961,1,-1,1,1,1
961,962,3,-1,1,1,-1
962,963,-1,-1,-1,-1,1
963,964,4,-1,1,1,1
964,965,1,1,1,1,-1
965,966,-1,-1,1,1,1
966,967,1,-1,1,1,1
967,968,-1,1,1,-1,1
968,969,2,-1,1,1,-1
969,970,4,-1,-1,1,1
970,971,3,1,1,1,-1
971,972,-1,-1,-1,1,1
972,973,1,-1,-1,1,1
973,974,3,-1,1,1,1
974,975,5,1,1,-1,-1
975,976,1,1,1,1,-1
976,977,-1,-1,-1,1,1
977,978,4,-1,-1,1,1
978,979,4,1,1,1,-1
979,980,4,-1,1,1,-1
980,981,2,-1,1,1,-1
983,984,4,-1,1,1,-1
985,986,5,-1,1,-1,-1
986,987,1,-1,1,-1,1
987,988,5,1,1,-1,-1
989,990,4,-1,1,1,-1
990,991,4,-1,1,1,1
991,992,-1,-1,1,-1,1
992,993,-1,-1,1,1,1
993,994,4,-1,1,1,-1
994,995,4,-1,1,1,-1
995,996,2,1,1,1,-1
996,997,3,1,1,1,-1
997,998,1,-1,1,1,-1
998,999,4,-1,1,1,1
999,1000,3,-1,1,1,-1
1000,1001,3,-1,1,1,-1
1001,1002,1,1,1,1,-1
1002,1003,3,-1,1,1,-1
1003,1004,1,1,1,1,-1
1004,1005,1,-1,-1,1,1
1005,1006,3,-1,1,1,1
1006,1007,-1,-1,-1,1,1
1007,1008,-1,-1,-1,1,1
1008,1009,5,1,1,-1,-1
1009,1010,5,-1,1,-1,-1
1010,1011,3,-1,-1,1,1
1011,1012,-1,-1,-1,1,1
1012,1013,-1,1,-1,-1,1
1013,1014,4,1,1,1,-1
1014,1015,2,-1,1,1,-1
1015,1016,2,-1,1,1,-1
1016,1017,1,-1,1,1,-1
1017,1018,-1,-1,1,1,1
1018,1019,-1,-1,1,-1,1
1019,1020,1,1,1,1,-1
1020,1021,0,-1,-1,-1,1
1021,1022,4,-1,1,1,1
1022,1023,2,1,1,1,-1
1023,1024,5,-1,1,-1,-1
1024,1025,4,-1,1,-1,1
1025,1026,1,-1,1,-1,1
1026,1027,2,-1,1,1,-1
1027,1028,2,1,1,1,-1
1028,1029,1,-1,1,1,-1
1029,1030,3,-1,1,1,-1
1031,1032,3,1,1,1,-1
1032,1033,5,-1,1,-1,-1
1033,1034,3,1,1,1,-1
1034,1035,3,-1,1,1,-1
1036,1037,1,-1,1,1,-1
1037,1038,3,-1,1,-1,1
1038,1039,3,-1,1,1,1
1039,1040,1,1,1,1,-1
1040,1041,3,-1,1,1,-1
1041,1042,1,-1,1,1,-1
1042,1043,2,1,1,1,-1
1043,1044,-1,-1,1,1,1
1044,1045,4,-1,-1,1,1
1045,1046,1,-1,1,1,-1
1046,1047,2,1,1,1,-1
1047,1048,3,-1,-1,1,1
1048,1049,5,1,1,-1,-1
1049,1050,4,-1,1,1,1
1050,1051,5,1,1,-1,-1
1051,1052,-1,-1,1,1,1
1052,1053,2,-1,1,1,-1
1053,1054,1,-1,1,1,-1
1054,1055,3,1,1,1,-1
1055,1056,-1,-1,-1,1,1
1056,1057,2,-1,1,1,-1
1057,1058,-1,-1,-1,1,1
1058,1059,1,-1,1,1,-1
1060,1061,5,1,1,-1,-1
1061,1062,3,-1,1,1,-1
1062,1063,1,-1,1,1,-1
1065,1066,3,-1,1,1,-1
1066,1067,-1,-1,1,-1,1
1067,1068,4,-1,1,-1,1
1068,1069,-1,-1,1,1,1
1069,1070,3,1,1,1,-1
1070,1071,3,-1,1,1,-1
1071,1072,1,-1,1,1,-1
1072,1073,1,-1,1,1,1
1073,1074,1,1,1,1,-1
1074,1075,1,-1,1,1,-1
1075,1076,3,-1,-1,1,1
1076,1077,5,1,-1,-1,1
1077,1078,-1,-1,-1,1,1
1078,1079,4,-1,-1,1,1
1080,1081,2,1,1,1,-1
1081,1082,2,-1,1,1,-1
1082,1083,4,-1,1,1,1
1083,1084,-1,-1,-1,1,1
1085,1086,4,-1,-1,1,1
1086,1087,2,1,1,1,-1
1087,1088,-1,-1,-1,1,1
1088,1089,1,-1,1,-1,1
1089,1090,5,1,1,-1,-1
1090,1091,-1,-1,-1,1,1
1091,1092,2,1,1,1,-1
1092,1093,2,1,1,1,-1
1094,1095,2,1,1,1,-1
1095,1096,1,-1,1,1,1
1096,1097,1,-1,1,1,-1
1097,1098,4,1,-1,1,1
1098,1099,4,-1,1,1,1
1100,1101,-1,-1,-1,1,1
1101,1102,3,1,1,1,-1
1102,1103,-1,-1,1,1,1
1103,1104,1,-1,1,1,-1
1104,1105,-1,-1,-1,1,1
1105,1106,4,1,1,1,-1
1106,1107,4,1,1,1,-1
1107,1108,2,-1,1,1,-1
1108,1109,3,-1,1,-1,1
1109,1110,3,-1,1,1,1
1110,1111,4,-1,-1,-1,1
1111,1112,1,1,1,1,-1
1112,1113,1,-1,1,1,-1
1114,1115,4,1,1,1,-1
1115,1116,3,-1,-1,1,1
1116,1117,5,-1,1,-1,-1
1117,1118,5,-1,1,-1,-1
1118,1119,4,1,1,1,-1
1119,1120,1,1,1,1,-1
1120,1121,5,-1,1,-1,-1
1121,1122,3,-1,-1,1,1
1122,1123,5,-1,1,-1,-1
1124,1125,1,-1,1,1,-1
1125,1126,5,1,1,-1,-1
1126,1127,3,-1,1,1,1
1127,1128,4,-1,1,1,1
1128,1129,3,1,1,1,-1
1129,1130,3,1,1,1,-1
1130,1131,-1,-1,1,-1,1
1131,1132,3,-1,-1,1,1
1133,1134,3,-1,-1,1,1
1135,1136,1,1,1,1,-1
1136,1137,4,-1,1,1,1
1137,1138,3,1,1,1,-1
1138,1139,3,1,1,1,-1
1140,1141,4,1,1,1,1
1141,1142,4,-1,1,1,1
1142,1143,2,1,1,1,-1
1143,1144,1,1,1,1,-1
1144,1145,-1,-1,-1,-1,1
1145,1146,-1,-1,-1,1,1
1149,1150,3,1,1,1,-1
1150,1151,1,1,1,1,-1
1151,1152,1,1,1,1,-1
1153,1154,1,1,1,1,-1
1154,1155,1,-1,1,1,-1
1155,1156,-1,-1,1,1,1
1156,1157,-1,-1,-1,-1,1
1157,1158,5,-1,1,-1,-1
1158,1159,4,-1,1,1,-1
1159,1160,3,-1,-1,1,1
1160,1161,1,-1,1,1,-1
1161,1162,1,-1,-1,1,1
1162,1163,1,-1,1,-1,1
1164,1165,1,1,1,1,-1
1165,1166,1,-1,1,1,-1
1167,1168,2,1,1,1,-1
1168,1169,3,1,1,1,-1
1169,1170,-1,-1,-1,1,1
1170,1171,2,1,1,1,-1
1171,1172,2,1,1,1,-1
1172,1173,4,-1,1,1,1
1173,1174,-1,-1,1,1,1
1174,1175,-1,-1,1,1,1
1175,1176,3,1,1,1,-1
1176,1177,2,1,1,1,-1
1177,1178,1,-1,1,-1,1
1178,1179,5,-1,-1,-1,1
1179,1180,4,1,1,1,-1
1180,1181,1,1,1,1,-1
1181,1182,1,-1,1,1,1
1183,1184,2,-1,1,1,-1
1184,1185,-1,-1,-1,1,1
1185,1186,3,1,1,1,-1
1186,1187,4,1,1,1,-1
1187,1188,2,-1,1,1,-1
1188,1189,3,-1,1,1,-1
1189,1190,5,-1,1,-1,-1
1190,1191,2,-1,1,1,-1
1191,1192,1,1,1,1,-1
1192,1193,4,1,1,1,-1
1193,1194,4,-1,1,1,1
1194,1195,5,1,1,-1,-1
1195,1196,-1,-1,1,1,1
1196,1197,1,1,1,1,-1
1197,1198,3,-1,1,1,1
1198,1199,4,-1,-1,1,1
1199,1200,3,-1,1,1,1
1200,1201,-1,-1,-1,-1,1
1201,1202,4,-1,-1,1,1
1202,1203,5,1,1,-1,-1
1203,1204,3,-1,-1,1,1
1205,1206,-1,-1,-1,-1,1
1206,1207,2,-1,1,1,-1
1207,1208,1,1,1,1,-1
1208,1209,5,-1,1,-1,-1
1209,1210,4,-1,1,-1,1
1210,1211,0,1,-1,1,1
1211,1212,1,-1,1,1,-1
1212,1213,3,-1,-1,1,1
1213,1214,2,-1,1,1,-1
1214,1215,0,1,1,-1,-1
1215,1216,4,-1,-1,1,1
1216,1217,1,-1,1,-1,1
1217,1218,4,-1,1,-1,1
1218,1219,3,1,1,1,-1
1219,1220,1,-1,-1,1,1
1220,1221,4,1,1,1,-1
1222,1223,1,-1,1,1,-1
1223,1224,2,-1,1,1,-1
1224,1225,1,-1,1,-1,1
1225,1226,3,1,1,-1,1
1226,1227,2,1,1,1,-1
1227,1228,2,-1,1,1,-1
1229,1230,4,-1,-1,1,1
1230,1231,3,1,1,1,-1
1231,1232,1,-1,1,1,-1
1232,1233,1,1,1,1,-1
1233,1234,2,1,1,1,-1
1235,1236,-1,-1,1,1,1
1237,1238,5,-1,-1,-1,1
1239,1240,0,-1,-1,1,1
1241,1242,3,-1,1,1,-1
1242,1243,4,-1,-1,1,1
1243,1244,4,-1,-1,1,1
1244,1245,4,-1,-1,1,1
1245,1246,-1,-1,1,-1,1
1246,1247,-1,-1,1,1,1
1248,1249,3,1,1,1,-1
1249,1250,3,-1,1,1,1
1250,1251,5,-1,1,-1,-1
1251,1252,1,1,1,1,-1
1252,1253,1,-1,1,-1,1
1253,1254,3,1,-1,1,1
1254,1255,2,-1,1,1,-1
1256,1257,5,-1,1,-1,-1
1257,1258,-1,-1,-1,1,1
1258,1259,-1,-1,1,1,1
1259,1260,2,1,1,1,-1
1260,1261,5,1,1,-1,-1
1261,1262,3,-1,1,1,-1
1262,1263,1,-1,-1,1,1
1263,1264,5,-1,1,-1,-1
1264,1265,3,-1,1,1,-1
1265,1266,-1,1,-1,1,1
1266,1267,5,-1,-1,-1,1
1267,1268,3,1,1,1,-1
1268,1269,3,-1,-1,1,1
1269,1270,5,-1,1,-1,-1
1270,1271,3,-1,1,1,-1
1271,1272,4,-1,1,1,-1
1272,1273,3,1,1,1,-1
1273,1274,3,-1,1,1,-1
1274,1275,-1,-1,1,1,1
1275,1276,1,1,1,1,-1
1276,1277,4,-1,1,1,1
1277,1278,1,-1,1,1,-1
1278,1279,4,-1,1,-1,1
1279,1280,-1,-1,1,1,1
1280,1281,3,-1,-1,-1,1
1281,1282,3,-1,-1,1,1
1282,1283,2,1,1,1,-1
1283,1284,5,1,1,-1,-1
1285,1286,4,-1,-1,1,1
1286,1287,1,1,1,1,-1
1287,1288,-1,-1,-1,1,1
1288,1289,1,-1,1,1,1
1289,1290,4,-1,1,1,-1
1290,1291,4,1,1,1,-1
1291,1292,2,1,1,1,-1
1292,1293,3,-1,-1,-1,1
1293,1294,1,-1,1,1,-1
1294,1295,-1,-1,1,1,1
1295,1296,-1,-1,1,1,1
1296,1297,5,1,1,-1,1
1297,1298,2,1,1,1,-1
1298,1299,1,1,1,1,-1
1300,1301,3,-1,1,1,1
1301,1302,-1,-1,1,-1,1
1302,1303,1,-1,1,1,-1
1303,1304,3,1,1,1,-1
1304,1305,1,-1,1,1,-1
1305,1306,3,-1,-1,1,1
1306,1307,5,-1,1,-1,-1
1307,1308,3,1,1,1,-1
1308,1309,4,1,1,1,-1
1309,1310,5,1,1,-1,-1
1310,1311,1,-1,1,1,1
1312,1313,-1,-1,-1,1,1
1313,1314,3,-1,-1,1,1
1314,1315,1,-1,1,-1,1
1315,1316,1,1,1,1,-1
1316,1317,4,1,1,1,-1
1319,1320,3,-1,1,1,1
1320,1321,1,1,1,1,-1
1321,1322,5,-1,1,-1,-1
1322,1323,3,-1,1,1,1
1323,1324,1,-1,1,1,-1
1324,1325,-1,-1,1,1,1
1325,1326,3,1,1,1,-1
1326,1327,-1,-1,-1,1,1
1327,1328,5,-1,1,-1,-1
1328,1329,1,1,1,1,-1
1329,1330,0,-1,1,-1,-1
1330,1331,1,1,1,1,-1
1331,1332,3,1,1,1,-1
1332,1333,3,-1,1,1,-1
1333,1334,5,1,1,-1,-1
1338,1339,4,-1,1,1,1
1339,1340,-1,-1,1,1,1
1340,1341,1,1,1,1,-1
1341,1342,3,-1,1,1,1
1342,1343,-1,-1,-1,1,1
1343,1344,4,-1,-1,1,1
1345,1346,3,-1,1,1,1
1346,1347,1,-1,1,1,1
1347,1348,2,-1,1,1,-1
1348,1349,1,-1,1,1,-1
1349,1350,1,-1,1,1,-1
1350,1351,4,-1,1,1,1
1351,1352,2,-1,1,1,-1
1352,1353,5,-1,1,-1,-1
1353,1354,-1,-1,1,1,1
1354,1355,3,-1,1,1,-1
1355,1356,1,-1,1,1,-1
1356,1357,4,-1,-1,1,1
1357,1358,5,1,1,-1,-1
1358,1359,4,-1,1,1,-1
1359,1360,4,-1,-1,1,1
1360,1361,4,-1,1,1,1
1361,1362,4,1,1,1,-1
1362,1363,1,-1,1,1,1
1363,1364,5,-1,1,-1,-1
1364,1365,1,-1,1,1,-1
1365,1366,3,1,1,1,-1
1366,1367,4,-1,1,1,1
1367,1368,-1,-1,-1,1,1
1368,1369,2,-1,1,1,-1
1370,1371,4,-1,1,1,-1
1371,1372,-1,-1,1,1,1
1372,1373,1,-1,1,1,-1
1373,1374,5,-1,1,-1,-1
1374,1375,5,-1,1,-1,1
1375,1376,3,1,1,1,-1
1376,1377,2,1,1,1,-1
1377,1378,2,1,1,1,-1
1378,1379,-1,-1,1,-1,1
1379,1380,1,1,1,1,-1
1381,1382,1,-1,1,-1,1
1382,1383,1,1,1,1,-1
1383,1384,3,-1,-1,1,1
1384,1385,2,-1,1,1,-1
1385,1386,3,1,1,1,-1
1386,1387,3,1,1,1,-1
1387,1388,-1,-1,1,1,1
1388,1389,5,-1,1,-1,-1
1389,1390,4,-1,1,1,-1
1390,1391,1,1,1,1,-1
1391,1392,4,-1,-1,1,1
1393,1394,1,1,1,1,-1
1394,1395,3,-1,-1,1,1
1395,1396,4,-1,1,1,1
1396,1397,4,-1,-1,1,1
1397,1398,5,-1,1,-1,-1
1398,1399,5,-1,1,-1,-1
1400,1401,4,-1,-1,1,1
1401,1402,2,1,1,1,-1
1403,1404,5,1,1,-1,-1
1404,1405,3,1,1,1,-1
1405,1406,1,1,1,1,-1
1406,1407,-1,1,-1,-1,1
1407,1408,4,-1,1,1,-1
1409,1410,5,1,1,-1,-1
1410,1411,2,1,1,1,-1
1412,1413,2,-1,1,1,-1
1413,1414,4,-1,-1,1,1
1414,1415,2,-1,1,1,-1
1415,1416,5,-1,1,-1,-1
1416,1417,1,-1,1,1,-1
1417,1418,3,1,1,1,-1
1418,1419,4,-1,-1,1,1
1419,1420,-1,-1,1,1,1
1421,1422,5,1,1,-1,-1
1422,1423,1,1,1,1,-1
1423,1424,1,1,1,1,-1
1424,1425,2,1,1,1,-1
1425,1426,4,1,-1,1,1
1426,1427,-1,-1,-1,1,1
1427,1428,3,-1,1,1,-1
1429,1430,3,1,1,1,-1
1430,1431,4,-1,1,1,1
1431,1432,3,1,1,1,-1
1432,1433,-1,-1,1,1,1
1433,1434,2,-1,1,1,-1
1434,1435,1,1,1,1,-1
1435,1436,3,-1,1,1,-1
1436,1437,1,-1,-1,1,1
1437,1438,3,-1,1,1,1
1438,1439,1,-1,1,1,-1
1439,1440,3,1,1,1,1
1440,1441,1,1,1,1,-1
1441,1442,3,1,1,1,-1
1442,1443,3,-1,1,1,1
1443,1444,5,-1,-1,-1,1
1444,1445,4,-1,1,1,-1
1445,1446,2,-1,1,1,-1
1447,1448,3,-1,1,1,-1
1449,1450,3,-1,1,1,1
1451,1452,1,-1,1,1,-1
1452,1453,1,-1,1,1,1
1453,1454,1,1,1,1,-1
1454,1455,2,-1,1,1,-1
1455,1456,4,-1,1,1,1
1456,1457,4,1,1,1,-1
1457,1458,3,-1,1,1,-1
1458,1459,4,-1,1,1,-1
1459,1460,5,1,1,-1,-1
1460,1461,1,-1,1,1,-1
1461,1462,-1,-1,-1,1,1
1462,1463,2,1,1,1,-1
1463,1464,3,1,1,1,-1
1464,1465,5,1,1,-1,-1
1465,1466,1,1,1,1,-1
1466,1467,2,-1,1,1,-1
1467,1468,-1,-1,1,-1,1
1468,1469,1,-1,1,1,-1
1469,1470,2,1,1,1,-1
1470,1471,3,-1,1,1,1
1471,1472,4,-1,1,1,1
1472,1473,1,1,1,1,-1
1473,1474,1,1,1,1,-1
1474,1475,1,-1,1,1,1
1475,1476,4,1,1,1,-1
1476,1477,5,1,1,-1,-1
1477,1478,-1,-1,1,-1,1
1479,1480,2,1,1,1,-1
1480,1481,-1,-1,-1,1,1
1481,1482,-1,-1,-1,-1,1
1482,1483,-1,-1,-1,-1,1
1483,1484,1,1,1,1,-1
1485,1486,1,-1,1,1,-1
1486,1487,3,-1,-1,1,1
1487,1488,2,-1,1,1,-1
1488,1489,4,1,-1,1,1
1489,1490,4,-1,-1,1,1
1490,1491,4,-1,-1,1,1
1491,1492,4,-1,-1,1,1
1492,1493,5,1,1,-1,-1
1493,1494,1,-1,-1,-1,1
1494,1495,3,-1,-1,1,1
1495,1496,4,-1,1,1,1
1496,1497,1,-1,-1,1,1
1497,1498,-1,-1,-1,1,1
1498,1499,1,1,1,1,-1
1499,1500,-1,-1,-1,-1,1
1500,1501,3,1,1,1,-1
1501,1502,-1,-1,-1,1,1
1502,1503,5,-1,1,-1,-1
1503,1504,3,-1,1,1,-1
1504,1505,2,-1,1,1,-1
1506,1507,3,1,1,1,-1
1508,1509,1,1,1,1,-1
1509,1510,-1,-1,1,-1,1
1510,1511,2,-1,1,1,-1
1511,1512,2,1,1,1,-1
1512,1513,1,-1,1,1,1
1513,1514,-1,-1,-1,1,1
1514,1515,5,1,1,-1,-1
1515,1516,1,1,1,1,-1
1516,1517,4,1,1,1,-1
1517,1518,1,-1,1,1,1
1518,1519,2,-1,1,1,-1
1519,1520,3,-1,1,1,-1
1520,1521,-1,-1,1,1,1
1521,1522,5,1,1,-1,-1
1522,1523,4,1,1,1,-1
1524,1525,4,-1,1,1,1
1525,1526,3,-1,1,-1,1
1526,1527,3,1,1,1,-1
1527,1528,1,1,1,1,-1
1530,1531,-1,-1,-1,1,1
1531,1532,3,-1,1,1,-1
1533,1534,5,-1,1,-1,-1
1534,1535,4,-1,-1,1,1
1535,1536,3,-1,-1,1,1
1536,1537,4,1,-1,-1,1
1537,1538,1,-1,1,1,1
1539,1540,3,-1,-1,1,1
1540,1541,4,-1,-1,-1,1
1541,1542,-1,-1,1,1,1
1542,1543,2,1,1,1,-1
1543,1544,5,-1,1,-1,1
1546,1547,4,-1,-1,1,1
1547,1548,2,1,1,1,-1
1548,1549,3,-1,1,1,1
1549,1550,3,-1,1,1,-1
1550,1551,1,-1,1,1,-1
1551,1552,4,1,1,1,-1
1552,1553,4,-1,1,1,1
1553,1554,1,1,1,1,-1
1554,1555,-1,-1,1,1,1
1555,1556,3,-1,-1,1,1
1556,1557,1,-1,1,1,1
1557,1558,3,-1,-1,1,1
1558,1559,4,1,1,1,1
1559,1560,4,-1,-1,1,1
1560,1561,3,-1,1,1,-1
1561,1562,-1,-1,1,-1,1
1562,1563,3,-1,1,1,-1
1563,1564,1,-1,1,1,-1
1564,1565,-1,-1,-1,1,1
1565,1566,3,-1,-1,1,1
1566,1567,5,1,1,-1,1
1568,1569,-1,-1,1,-1,1
1569,1570,-1,-1,-1,1,1
1570,1571,-1,-1,1,1,1
1572,1573,5,-1,1,-1,1
1573,1574,2,-1,1,1,-1
1574,1575,5,-1,1,-1,1
1575,1576,4,-1,1,1,-1
1576,1577,1,1,1,1,-1
1577,1578,-1,-1,-1,1,1
1578,1579,1,1,1,1,-1
1580,1581,-1,-1,-1,1,1
1581,1582,2,1,1,1,-1
1582,1583,-1,-1,1,1,1
1583,1584,1,-1,1,1,-1
1584,1585,-1,-1,1,1,1
1585,1586,3,-1,1,1,1
1586,1587,-1,-1,1,-1,1
1587,1588,4,-1,-1,1,1
1589,1590,2,1,1,1,-1
1590,1591,3,-1,1,1,1
1591,1592,1,1,1,1,-1
1592,1593,2,1,1,1,-1
1593,1594,1,1,1,1,-1
1594,1595,1,-1,-1,1,1
1595,1596,-1,-1,-1,-1,1
1596,1597,2,-1,1,1,-1
1597,1598,3,1,1,1,-1
1598,1599,5,1,1,-1,-1
1599,1600,4,-1,1,-1,1
1600,1601,1,-1,1,-1,1
1601,1602,-1,-1,1,1,1
1603,1604,4,-1,1,1,1
1604,1605,0,-1,-1,1,1
1605,1606,5,-1,1,-1,-1
1606,1607,3,-1,1,1,-1
1607,1608,4,-1,1,1,1
1608,1609,5,-1,1,-1,-1
1609,1610,0,-1,1,-1,-1
1610,1611,2,1,1,1,-1
1611,1612,3,-1,1,1,1
1613,1614,1,1,1,1,-1
1615,1616,5,-1,1,-1,-1
1616,1617,5,1,1,-1,-1
1617,1618,5,-1,1,-1,-1
1618,1619,2,1,1,1,-1
1619,1620,2,-1,1,1,-1
1620,1621,-1,-1,1,1,1
1621,1622,3,-1,-1,1,1
1622,1623,4,-1,1,1,1
1623,1624,3,-1,1,1,1
1624,1625,-1,-1,1,1,1
1626,1627,0,-1,1,1,1
1627,1628,5,-1,-1,-1,1
1629,1630,3,-1,1,1,-1
1630,1631,-1,-1,1,1,1
1631,1632,-1,-1,-1,1,1
1632,1633,3,-1,1,1,-1
1633,1634,3,-1,1,1,1
1634,1635,2,1,1,1,-1
1635,1636,1,-1,1,1,1
1636,1637,1,-1,1,1,1
1637,1638,1,1,1,1,-1
1638,1639,4,-1,1,1,-1
1639,1640,1,-1,-1,1,1
1640,1641,4,-1,-1,1,1
1641,1642,2,1,1,1,-1
1642,1643,1,-1,1,1,-1
1643,1644,3,-1,-1,-1,1
1645,1646,5,1,1,-1,-1
1646,1647,5,-1,-1,-1,1
1647,1648,1,-1,1,1,-1
1649,1650,1,-1,1,1,-1
1650,1651,2,-1,1,1,-1
1651,1652,1,-1,1,1,-1
1652,1653,5,-1,-1,-1,1
1653,1654,1,-1,-1,1,1
1654,1655,-1,-1,-1,1,1
1655,1656,4,-1,1,1,1
1656,1657,4,1,1,1,-1
1657,1658,4,-1,-1,-1,1
1658,1659,5,1,1,-1,-1
1659,1660,4,-1,-1,1,1
1660,1661,1,1,1,1,-1
1661,1662,1,-1,1,1,-1
1662,1663,2,-1,1,1,-1
1663,1664,5,-1,1,-1,1
1664,1665,1,1,1,1,-1
1665,1666,1,-1,1,1,-1
1666,1667,3,-1,1,1,1
1667,1668,1,-1,1,1,-1
1668,1669,2,1,1,1,-1
1669,1670,3,-1,1,1,-1
1671,1672,3,1,1,1,-1
1672,1673,1,1,1,1,-1
1673,1674,5,-1,1,-1,-1
1674,1675,1,-1,-1,1,1
1675,1676,3,1,1,1,-1
1676,1677,1,-1,1,1,1
1677,1678,1,-1,1,1,-1
1678,1679,4,-1,1,1,-1
1679,1680,4,-1,1,1,1
1680,1681,1,1,1,1,-1
1682,1683,2,1,1,1,-1
1683,1684,1,1,1,1,-1
1684,1685,5,-1,1,-1,-1
1685,1686,4,-1,1,-1,1
1686,1687,3,-1,1,1,-1
1687,1688,4,-1,1,1,-1
1688,1689,4,1,1,1,-1
1689,1690,3,-1,-1,1,1
1690,1691,3,-1,1,1,-1
1691,1692,5,-1,1,-1,-1
1692,1693,3,-1,1,1,1
1693,1694,1,-1,1,-1,1
1694,1695,4,-1,1,1,1
1695,1696,5,1,-1,-1,1
1696,1697,3,1,1,1,-1
1697,1698,3,-1,-1,1,1
1698,1699,3,-1,1,1,-1
1699,1700,4,1,1,1,-1
1700,1701,-1,-1,1,1,1
1703,1704,3,-1,-1,1,1
1704,1705,3,-1,-1,1,1
1705,1706,-1,1,-1,1,1
1706,1707,-1,-1,-1,1,1
1707,1708,1,1,1,1,-1
1708,1709,1,1,1,1,-1
1709,1710,2,1,1,1,-1
1710,1711,5,1,1,-1,-1
1711,1712,4,-1,-1,1,1
1712,1713,2,-1,1,1,-1
1713,1714,4,-1,1,1,1
1714,1715,1,-1,1,1,-1
1716,1717,4,-1,1,1,1
1717,1718,-1,-1,1,-1,1
1718,1719,5,-1,-1,-1,1
1719,1720,3,-1,1,1,1
1720,1721,1,1,1,1,-1
1721,1722,-1,-1,-1,1,1
1723,1724,3,-1,1,-1,1
1724,1725,4,-1,1,1,1
1725,1726,2,-1,1,1,-1
1726,1727,4,-1,1,1,1
1727,1728,-1,-1,-1,1,1
1729,1730,3,1,1,1,-1
1730,1731,2,-1,1,1,-1
1731,1732,1,-1,1,1,-1
1732,1733,1,-1,1,1,-1
1733,1734,1,-1,1,1,-1
1734,1735,1,-1,1,-1,1
1735,1736,-1,-1,1,1,1
1736,1737,3,1,1,1,-1
1738,1739,5,1,1,-1,-1
1739,1740,3,1,1,1,-1
1740,1741,-1,-1,-1,1,1
1741,1742,3,-1,1,1,-1
1742,1743,2,-1,1,1,-1
1743,1744,-1,-1,1,1,1
1744,1745,4,-1,-1,-1,1
1745,1746,-1,-1,-1,1,1
1746,1747,3,-1,1,1,1
1747,1748,1,1,1,1,-1
1748,1749,3,-1,1,1,-1
1749,1750,3,-1,-1,1,1
1750,1751,1,1,1,1,-1
1751,1752,1,1,1,1,-1
1752,1753,-1,1,-1,-1,1
1753,1754,-1,-1,-1,1,1
1754,1755,3,-1,-1,1,1
1755,1756,3,1,1,1,-1
1756,1757,3,-1,1,1,1
1757,1758,-1,-1,-1,1,1
1758,1759,4,1,1,1,-1
1760,1761,1,1,1,1,-1
1761,1762,3,-1,1,1,-1
1762,1763,3,-1,1,1,1
1763,1764,3,-1,1,1,-1
1764,1765,4,-1,1,1,1
1765,1766,2,-1,1,1,-1
1766,1767,4,-1,-1,-1,1
1767,1768,2,-1,1,1,-1
1768,1769,4,-1,-1,1,1
1769,1770,2,1,1,1,-1
1770,1771,5,-1,1,-1,-1
1771,1772,1,1,1,1,-1
1772,1773,1,1,1,1,-1
1773,1774,4,-1,1,1,1
1774,1775,0,-1,1,1,1
1775,1776,3,1,1,1,-1
1776,1777,4,1,1,1,-1
1777,1778,-1,-1,1,1,1
1778,1779,2,1,1,1,-1
1779,1780,3,-1,1,1,1
1780,1781,-1,-1,1,1,1
1781,1782,3,-1,-1,1,1
1783,1784,1,-1,1,-1,1
1784,1785,4,-1,1,-1,1
1785,1786,2,-1,1,1,-1
1786,1787,4,1,1,1,-1
1787,1788,3,1,1,1,-1
1788,1789,3,-1,1,1,1
1789,1790,-1,1,1,-1,1
1790,1791,-1,-1,1,1,1
1792,1793,3,-1,1,1,1
1793,1794,4,-1,1,1,-1
1795,1796,1,-1,1,1,-1
1796,1797,-1,-1,-1,-1,1
1798,1799,4,-1,1,1,1
1799,1800,3,-1,-1,1,1
1800,1801,-1,-1,1,1,1
1801,1802,1,-1,-1,1,1
1802,1803,-1,-1,1,1,1
1803,1804,2,-1,1,1,-1
1804,1805,4,-1,1,1,1
1805,1806,5,-1,1,-1,-1
1806,1807,1,-1,1,1,1
1807,1808,5,1,1,-1,-1
1808,1809,3,-1,1,-1,1
1809,1810,-1,-1,-1,1,1
1811,1812,-1,-1,-1,1,1
1812,1813,1,1,1,1,-1
1813,1814,4,-1,-1,1,1
1815,1816,2,-1,1,1,-1
1816,1817,1,-1,1,-1,1
1817,1818,-1,-1,-1,1,1
1818,1819,1,1,1,1,-1
1819,1820,3,-1,1,1,1
1820,1821,4,-1,1,1,-1
1821,1822,3,-1,-1,1,1
1822,1823,-1,-1,1,-1,1
1823,1824,2,1,1,1,-1
1824,1825,3,1,1,1,-1
1825,1826,-1,-1,-1,1,1
1826,1827,4,-1,1,1,-1
1827,1828,-1,-1,-1,1,1
1828,1829,2,-1,1,1,-1
1829,1830,1,1,1,1,-1
1830,1831,1,-1,1,1,-1
1831,1832,5,-1,1,-1,1
1832,1833,3,1,1,1,-1
1833,1834,5,-1,1,-1,-1
1834,1835,3,-1,-1,1,1
1835,1836,2,-1,1,1,-1
1836,1837,-1,-1,1,-1,1
1837,1838,3,-1,1,1,-1
1838,1839,-1,-1,-1,1,1
1839,1840,3,-1,1,1,1
1840,1841,3,-1,-1,1,1
1841,1842,2,-1,1,1,-1
1842,1843,2,1,1,1,-1
1843,1844,2,1,1,1,-1
1844,1845,3,1,1,1,-1
1845,1846,0,-1,1,-1,1
1846,1847,2,-1,1,1,-1
1847,1848,1,-1,1,1,1
1848,1849,1,-1,1,1,-1
1849,1850,5,1,1,-1,-1
1850,1851,3,-1,-1,1,1
1851,1852,-1,-1,1,1,1
1852,1853,-1,-1,1,-1,1
1853,1854,4,1,1,1,-1
1854,1855,-1,-1,-1,-1,1
1855,1856,-1,-1,1,1,1
1856,1857,4,-1,1,1,1
1857,1858,3,1,1,1,-1
1858,1859,4,-1,-1,1,1
1859,1860,5,-1,-1,-1,1
1860,1861,4,-1,1,-1,1
1861,1862,3,-1,1,1,-1
1862,1863,1,-1,1,1,-1
1863,1864,5,1,1,-1,1
1864,1865,5,-1,1,-1,-1
1865,1866,3,1,1,1,-1
1866,1867,3,-1,1,1,-1
1867,1868,-1,-1,1,1,1
1868,1869,2,1,1,1,-1
1869,1870,4,-1,1,1,1
1870,1871,3,1,1,1,-1
1871,1872,1,-1,1,1,1
1873,1874,2,1,1,1,-1
1874,1875,5,-1,1,-1,-1
1875,1876,5,-1,-1,-1,1
1876,1877,1,-1,-1,1,1
1877,1878,4,-1,1,1,-1
1878,1879,1,1,1,1,-1
1879,1880,4,-1,1,1,1
1880,1881,2,1,1,1,-1
1881,1882,3,1,1,1,-1
1882,1883,3,1,1,1,-1
1883,1884,3,1,1,1,-1
1884,1885,4,1,1,1,-1
1885,1886,2,-1,1,1,-1
1886,1887,-1,-1,1,1,1
1887,1888,5,-1,-1,-1,1
1888,1889,-1,1,-1,-1,1
1890,1891,4,-1,1,1,-1
1892,1893,4,-1,1,1,1
1893,1894,3,-1,-1,1,1
1894,1895,2,-1,1,1,-1
1895,1896,1,1,1,1,-1
1896,1897,3,1,1,1,-1
1897,1898,-1,-1,1,1,1
1898,1899,1,-1,1,1,1
1899,1900,3,1,1,1,-1
1900,1901,4,-1,1,1,1
1901,1902,3,-1,1,1,-1
1903,1904,3,-1,1,1,-1
1904,1905,1,-1,1,1,-1
1905,1906,1,-1,1,1,-1
1906,1907,5,1,1,-1,-1
1907,1908,-1,-1,1,1,1
1909,1910,-1,1,-1,1,1
1910,1911,2,-1,1,1,-1
1911,1912,1,-1,1,1,1
1913,1914,4,-1,1,1,1
1914,1915,0,1,-1,-1,1
1915,1916,1,-1,-1,1,1
1916,1917,1,1,1,1,-1
1917,1918,3,-1,-1,1,1
1918,1919,1,-1,1,1,-1
1919,1920,2,-1,1,1,-1
1920,1921,5,-1,1,-1,-1
1921,1922,5,1,1,-1,-1
1922,1923,2,-1,1,1,-1
1923,1924,-1,-1,-1,1,1
1924,1925,3,-1,1,1,-1
1925,1926,2,1,1,1,-1
1926,1927,-1,-1,1,1,1
1927,1928,3,-1,-1,-1,1
1928,1929,3,-1,1,1,-1
1929,1930,2,-1,1,1,-1
1930,1931,5,-1,1,-1,-1
1931,1932,1,-1,1,1,-1
1933,1934,-1,-1,1,1,1
1935,1936,1,1,1,1,-1
1936,1937,3,-1,1,1,-1
1938,1939,2,-1,1,1,-1
1939,1940,5,-1,1,-1,-1
1940,1941,5,-1,1,-1,-1
1941,1942,2,-1,1,1,-1
1942,1943,1,-1,-1,1,1
1944,1945,3,-1,1,1,-1
1945,1946,5,-1,1,-1,-1
1946,1947,4,-1,-1,1,1
1947,1948,2,1,1,1,-1
1948,1949,4,-1,-1,-1,1
1949,1950,4,-1,1,1,-1
1950,1951,1,-1,1,1,-1
1951,1952,2,1,1,1,-1
1952,1953,3,-1,1,1,1
1953,1954,-1,-1,-1,-1,1
1955,1956,-1,-1,1,1,1
1956,1957,3,-1,1,1,-1
1957,1958,1,-1,1,1,-1
1958,1959,4,-1,1,1,1
1959,1960,1,-1,1,1,-1
1960,1961,3,-1,1,1,-1
1961,1962,5,-1,1,-1,-1
1962,1963,2,-1,1,1,-1
1963,1964,3,-1,1,1,-1
1966,1967,3,-1,1,1,1
1967,1968,2,-1,1,1,-1
1968,1969,4,-1,1,1,1
1969,1970,4,1,-1,-1,1
1970,1971,5,1,1,-1,-1
1971,1972,1,-1,1,1,-1
1972,1973,4,-1,1,1,1
1973,1974,3,-1,1,1,1
1974,1975,3,1,1,1,-1
1975,1976,4,-1,-1,1,1
1978,1979,4,-1,-1,1,1
1979,1980,1,1,1,1,-1
1980,1981,1,1,1,1,-1
1981,1982,1,1,1,1,-1
1982,1983,2,-1,1,1,-1
1983,1984,5,1,-1,-1,1
1984,1985,-1,-1,1,1,1
1985,1986,1,-1,-1,1,1
1986,1987,4,-1,1,1,1
1987,1988,-1,-1,1,-1,1
1989,1990,5,-1,1,-1,-1
1990,1991,3,-1,1,-1,1
1992,1993,0,-1,-1,-1,1
1993,1994,0,1,1,-1,-1
1994,1995,4,-1,-1,1,1
1995,1996,4,1,1,1,-1
1996,1997,5,1,1,-1,-1
1997,1998,3,1,1,1,-1
1998,1999,-1,-1,-1,-1,1
1999,2000,-1,-1,-1,-1,1
2000,2001,1,1,1,1,-1
2001,2002,1,-1,1,1,1
2002,2003,2,1,1,1,-1
2003,2004,1,-1,1,1,-1
2004,2005,3,-1,1,1,-1
2005,2006,4,-1,1,1,1
2006,2007,3,1,1,1,-1
2007,2008,1,-1,-1,1,1
2008,2009,3,-1,1,1,-1
2009,2010,2,1,1,1,-1
2011,2012,4,-1,1,1,-1
2012,2013,1,-1,1,1,-1
2013,2014,1,-1,1,1,-1
2014,2015,1,-1,1,1,1
2015,2016,1,-1,1,1,1
2017,2018,1,-1,1,1,-1
2018,2019,4,1,1,1,-1
2019,2020,3,-1,1,1,-1
2020,2021,1,1,1,1,-1
2021,2022,4,-1,-1,1,1
2022,2023,2,-1,1,1,-1
2023,2024,3,-1,1,1,-1
2024,2025,5,-1,1,-1,1
2025,2026,3,1,1,1,-1
2026,2027,1,1,1,1,-1
2027,2028,3,-1,1,1,1
2028,2029,2,-1,1,1,-1
2029,2030,2,1,1,1,-1
2030,2031,4,1,1,1,-1
2031,2032,5,-1,1,-1,-1
2032,2033,-1,-1,1,1,1
2033,2034,1,-1,-1,1,1
2034,2035,1,-1,1,1,1
2035,2036,5,1,1,-1,-1
2037,2038,5,-1,1,-1,-1
2038,2039,3,-1,1,1,1
2040,2041,1,-1,1,-1,1
2041,2042,2,1,1,1,-1
2042,2043,1,-1,-1,1,1
2043,2044,-1,-1,-1,-1,1
2044,2045,1,-1,1,1,-1
2045,2046,4,-1,1,1,1
2046,2047,1,-1,1,1,-1
2047,2048,2,-1,1,1,-1
2048,2049,-1,1,-1,1,1
2049,2050,1,1,1,1,-1
2050,2051,3,-1,1,1,1
2051,2052,3,-1,-1,-1,1
2053,2054,-1,-1,1,-1,1
2054,2055,3,-1,1,-1,1
2056,2057,2,-1,1,1,-1
2058,2059,5,1,1,-1,-1
2059,2060,1,1,1,1,-1
2060,2061,2,-1,1,1,-1
2061,2062,1,-1,1,1,1
2062,2063,3,-1,-1,1,1
2063,2064,-1,-1,1,-1,1
2065,2066,3,-1,-1,1,1
2066,2067,3,-1,-1,1,1
2067,2068,4,-1,1,1,-1
2068,2069,1,-1,1,1,-1
2069,2070,5,-1,1,-1,-1
2070,2071,3,1,1,1,-1
2071,2072,4,-1,1,1,1
2073,2074,4,-1,1,1,1
2074,2075,1,1,1,1,-1
2076,2077,-1,-1,1,1,1
2077,2078,4,-1,1,1,1
2078,2079,1,-1,1,1,-1
2079,2080,4,1,1,1,-1
2080,2081,4,1,1,1,-1
2081,2082,1,-1,1,1,-1
2082,2083,4,-1,1,1,1
2083,2084,4,-1,1,1,-1
2084,2085,3,1,1,1,-1
2085,2086,1,-1,-1,1,1
2086,2087,5,-1,1,-1,-1
2088,2089,5,1,1,-1,-1
2089,2090,1,-1,1,1,-1
2090,2091,-1,-1,-1,-1,1
2091,2092,4,-1,1,-1,1
2092,2093,-1,-1,-1,1,1
2093,2094,3,-1,1,1,1
2095,2096,1,1,1,1,-1
2097,2098,5,-1,-1,-1,1
2098,2099,-1,1,1,-1,1
2099,2100,1,-1,1,1,1
2100,2101,4,-1,1,1,-1
2101,2102,5,-1,1,-1,-1
2102,2103,2,-1,1,1,-1
2103,2104,0,-1,1,-1,1
2104,2105,4,1,1,1,-1
2105,2106,3,1,1,1,-1
2106,2107,1,-1,1,1,-1
2107,2108,3,-1,1,1,-1
2108,2109,2,-1,1,1,-1
2109,2110,5,1,1,-1,-1
2110,2111,3,1,-1,1,1
2111,2112,1,1,1,1,-1
2112,2113,5,1,1,-1,-1
2113,2114,4,-1,-1,1,1
2115,2116,-1,-1,1,-1,1
2116,2117,2,-1,1,1,-1
2117,2118,2,1,1,1,-1
2118,2119,1,1,1,1,-1
2119,2120,4,-1,1,1,-1
2120,2121,4,1,1,1,-1
2121,2122,4,-1,1,1,-1
2122,2123,3,1,1,1,-1
2123,2124,1,-1,-1,1,1
2124,2125,-1,-1,-1,1,1
2125,2126,1,-1,1,1,1
2126,2127,2,1,1,1,-1
2127,2128,1,-1,1,1,1
2128,2129,3,-1,1,1,-1
2129,2130,1,-1,1,1,1
2130,2131,2,1,1,1,-1
2131,2132,5,1,1,-1,-1
2132,2133,1,1,1,1,-1
2133,2134,3,-1,1,1,-1
2134,2135,1,-1,1,-1,1
2135,2136,-1,-1,1,1,1
2136,2137,3,1,1,1,-1
2138,2139,5,1,1,-1,-1
2139,2140,1,1,1,1,-1
2140,2141,3,-1,1,1,-1
2141,2142,3,-1,1,1,-1
2142,2143,3,-1,1,-1,1
2143,2144,4,-1,1,1,-1
2144,2145,3,1,1,1,-1
2145,2146,1,1,1,1,-1
2146,2147,3,-1,-1,1,1
2147,2148,2,-1,1,1,-1
2148,2149,1,-1,1,1,-1
2149,2150,3,-1,1,1,-1
2150,2151,-1,-1,-1,1,1
2152,2153,2,1,1,1,-1
2153,2154,3,-1,1,1,-1
2154,2155,3,-1,-1,1,1
2155,2156,-1,-1,-1,1,1
2156,2157,2,-1,1,1,-1
2157,2158,1,-1,1,1,1
2158,2159,3,1,1,1,-1
2159,2160,-1,-1,-1,1,1
2160,2161,4,-1,1,1,1
2161,2162,5,-1,1,-1,-1
2162,2163,1,-1,1,1,-1
2163,2164,1,-1,1,1,-1
2164,2165,4,-1,-1,1,1
2165,2166,1,-1,1,1,1
2166,2167,3,-1,1,1,-1
2167,2168,2,-1,1,1,-1
2168,2169,3,-1,1,1,-1
2169,2170,-1,-1,1,1,1
2170,2171,2,-1,1,1,-1
2171,2172,5,-1,1,-1,-1
2172,2173,1,-1,-1,1,1
2173,2174,1,-1,1,1,-1
2174,2175,4,1,1,1,-1
2175,2176,5,-1,1,-1,-1
2176,2177,5,1,1,-1,-1
2177,2178,2,-1,1,1,-1
2178,2179,1,-1,1,1,1
2179,2180,5,-1,1,-1,-1
2180,2181,4,-1,1,1,-1
2181,2182,-1,-1,-1,1,1
2182,2183,3,-1,1,1,-1
2183,2184,1,1,1,1,-1
2184,2185,5,1,1,-1,-1
2185,2186,3,1,1,1,-1
2186,2187,3,-1,1,1,-1
2187,2188,1,1,1,1,-1
2188,2189,4,-1,1,1,1
2189,2190,2,-1,1,1,-1
2190,2191,5,1,1,-1,-1
2191,2192,4,1,1,1,-1
2192,2193,3,1,1,1,-1
2193,2194,5,-1,1,-1,-1
2194,2195,4,-1,1,1,1
2195,2196,-1,1,-1,1,1
2196,2197,4,-1,1,1,1
2197,2198,3,1,1,1,-1
2198,2199,4,1,-1,-1,1
2199,2200,4,-1,-1,1,1
2200,2201,1,-1,1,1,-1
2201,2202,2,1,1,1,-1
2202,2203,5,1,1,-1,-1
2203,2204,-1,-1,1,1,1
2204,2205,5,1,1,-1,-1
2205,2206,3,-1,1,1,-1
2206,2207,3,-1,1,1,-1
2207,2208,3,-1,1,1,-1
2208,2209,2,-1,1,1,-1
2210,2211,3,-1,-1,1,1
2211,2212,5,1,1,-1,-1
2213,2214,1,1,1,1,-1
2215,2216,2,1,1,1,-1
2216,2217,5,1,-1,-1,1
2217,2218,3,1,1,1,-1
2218,2219,0,-1,1,1,1
2219,2220,-1,-1,-1,1,1
2220,2221,2,-1,1,1,-1
2221,2222,-1,-1,1,-1,1
2222,2223,-1,-1,1,-1,1
2223,2224,4,1,1,1,-1
2224,2225,4,-1,1,1,1
2225,2226,4,1,1,1,-1
2226,2227,3,1,1,1,-1
2227,2228,-1,-1,-1,-1,1
2228,2229,5,1,1,-1,-1
2229,2230,-1,-1,1,1,1
2230,2231,3,-1,-1,1,1
2231,2232,2,-1,1,1,-1
2232,2233,2,-1,1,1,-1
2233,2234,5,1,1,-1,-1
2235,2236,4,-1,1,1,1
2237,2238,5,-1,1,-1,-1
2240,2241,3,-1,1,-1,1
2241,2242,5,1,-1,-1,1
2242,2243,4,-1,-1,1,1
2243,2244,2,-1,1,1,-1
2244,2245,1,1,1,1,-1
2245,2246,1,-1,1,1,1
2246,2247,5,1,1,-1,-1
2247,2248,2,-1,1,1,-1
2248,2249,4,-1,-1,1,1
2249,2250,5,1,1,-1,-1
2250,2251,-1,-1,1,1,1
2252,2253,5,1,1,-1,1
2253,2254,-1,-1,1,1,1
2254,2255,5,-1,1,-1,-1
2255,2256,2,-1,1,1,-1
2256,2257,2,1,1,1,-1
2257,2258,-1,-1,1,1,1
2258,2259,2,1,1,1,-1
2259,2260,1,-1,1,1,1
2260,2261,4,-1,-1,1,1
2261,2262,-1,-1,1,1,1
2262,2263,-1,-1,1,-1,1
2263,2264,1,1,1,1,-1
2264,2265,-1,-1,-1,1,1
2266,2267,1,-1,1,1,-1
2267,2268,5,1,1,-1,-1
2268,2269,3,-1,1,1,1
2269,2270,5,-1,1,-1,-1
2270,2271,2,-1,1,1,-1
2271,2272,3,-1,1,1,-1
2272,2273,5,-1,1,-1,-1
2274,2275,3,1,1,1,-1
2275,2276,5,-1,1,-1,-1
2276,2277,1,-1,1,1,-1
2277,2278,5,1,1,-1,-1
2279,2280,3,-1,-1,1,1
2280,2281,3,-1,1,1,-1
2281,2282,1,1,1,1,-1
2282,2283,3,-1,1,1,1
2284,2285,2,-1,1,1,-1
2285,2286,4,1,1,1,-1
2287,2288,3,1,1,1,-1
2288,2289,1,-1,1,1,-1
2289,2290,1,-1,1,1,-1
2291,2292,-1,-1,-1,1,1
2292,2293,-1,-1,1,-1,1
2293,2294,0,-1,1,1,1
2294,2295,2,1,1,1,-1
2295,2296,4,-1,-1,1,1
2296,2297,1,-1,1,1,-1
2297,2298,-1,1,1,-1,1
2298,2299,4,1,1,1,-1
2299,2300,1,-1,1,1,-1
2300,2301,2,1,1,1,-1
2301,2302,5,-1,1,1,1
2302,2303,3,1,1,1,-1
2303,2304,1,1,1,1,-1
2304,2305,2,1,1,1,-1
2305,2306,4,-1,1,1,1
2306,2307,-1,-1,-1,1,1
2307,2308,4,-1,1,1,1
2308,2309,-1,-1,-1,1,1
2309,2310,3,-1,1,1,-1
2310,2311,-1,-1,1,-1,1
2311,2312,1,1,1,1,-1
2312,2313,4,-1,1,-1,1
2313,2314,1,1,1,1,-1
2314,2315,1,1,1,1,-1
2315,2316,4,-1,1,1,1
2316,2317,1,1,1,1,-1
2317,2318,4,1,1,1,-1
2318,2319,1,-1,1,1,-1
2319,2320,3,1,1,1,-1
2320,2321,5,-1,1,-1,-1
2321,2322,2,-1,1,1,-1
2322,2323,1,-1,-1,-1,1
2323,2324,-1,-1,1,1,1
2324,2325,1,-1,1,1,-1
2325,2326,3,-1,-1,-1,1
2326,2327,0,-1,1,-1,1
2327,2328,1,-1,1,1,1
2328,2329,4,1,1,1,-1
2330,2331,5,-1,1,-1,-1
2331,2332,-1,-1,-1,1,1
2332,2333,3,-1,1,1,-1
2334,2335,3,1,1,1,-1
2335,2336,4,-1,1,1,1
2336,2337,-1,-1,1,1,1
2337,2338,3,1,1,1,-1
2338,2339,2,1,1,1,-1
2339,2340,4,-1,1,1,1
2340,2341,4,-1,1,1,1
2341,2342,4,1,1,1,-1
2342,2343,3,-1,1,1,-1
2343,2344,2,1,1,1,-1
2344,2345,3,-1,1,1,-1
2345,2346,1,-1,1,1,1
2346,2347,0,-1,1,-1,-1
2347,2348,4,-1,1,1,-1
2348,2349,5,-1,1,-1,-1
2349,2350,1,-1,1,1,-1
2350,2351,-1,-1,1,1,1
2351,2352,4,-1,-1,1,1
2352,2353,0,1,1,-1,-1
2353,2354,5,-1,1,-1,-1
2354,2355,3,-1,1,1,1
2355,2356,-1,-1,-1,1,1
2356,2357,4,1,1,1,-1
2357,2358,5,1,1,-1,-1
2358,2359,-1,1,-1,1,1
2359,2360,-1,-1,1,1,1
2360,2361,1,1,1,1,-1
2361,2362,2,-1,1,1,-1
2362,2363,4,-1,1,1,1
2363,2364,-1,-1,1,1,1
2364,2365,2,1,1,1,-1
2365,2366,2,-1,1,1,-1
2366,2367,1,-1,1,1,-1
2367,2368,3,-1,1,1,-1
2368,2369,4,-1,1,1,1
2369,2370,1,-1,1,1,1
2370,2371,5,-1,1,-1,-1
2371,2372,5,-1,1,-1,-1
2372,2373,1,1,1,1,-1
2374,2375,1,-1,-1,1,1
2375,2376,5,-1,1,-1,-1
2376,2377,-1,-1,-1,1,1
2377,2378,3,-1,1,1,1
2378,2379,-1,-1,-1,1,1
2379,2380,3,-1,1,1,1
2380,2381,2,1,1,1,-1
2381,2382,2,-1,1,1,-1
2382,2383,-1,-1,1,1,1
2383,2384,3,-1,1,1,1
2384,2385,-1,-1,-1,1,1
2385,2386,1,-1,1,1,1
2386,2387,-1,-1,1,-1,1
2387,2388,5,-1,1,-1,-1
2388,2389,4,-1,1,1,1
2389,2390,2,1,1,1,-1
2390,2391,1,-1,1,1,1
2391,2392,4,-1,1,1,-1
2392,2393,3,1,1,1,-1
2393,2394,3,-1,1,1,-1
2394,2395,4,-1,-1,1,1
2395,2396,4,-1,1,-1,1
2396,2397,1,1,1,1,-1
2397,2398,4,-1,1,1,1
2398,2399,4,1,1,1,-1
2399,2400,1,1,1,1,-1
2400,2401,4,-1,-1,-1,1
2401,2402,-1,-1,1,1,1
2402,2403,-1,-1,-1,1,1
2403,2404,5,-1,1,-1,-1
2404,2405,4,-1,1,1,1
2406,2407,-1,-1,1,1,1
2407,2408,3,1,1,1,-1
2408,2409,1,1,1,1,-1
2410,2411,4,-1,-1,1,1
2411,2412,1,1,1,1,-1
2412,2413,2,-1,1,1,-1
2414,2415,5,-1,1,-1,1
2415,2416,4,-1,-1,1,1
2416,2417,5,1,1,-1,-1
2417,2418,1,-1,1,1,-1
2418,2419,4,-1,-1,-1,1
2419,2420,1,-1,1,-1,1
2421,2422,3,-1,1,1,-1
2422,2423,4,1,1,1,1
2423,2424,2,1,1,1,-1
2424,2425,4,-1,1,1,-1
2425,2426,3,-1,1,1,1
2427,2428,4,-1,-1,1,1
2428,2429,3,-1,1,-1,1
2429,2430,2,1,1,1,-1
2430,2431,3,-1,1,1,1
2431,2432,1,1,1,1,-1
2432,2433,5,-1,-1,-1,1
2433,2434,3,-1,1,1,-1
2434,2435,-1,-1,-1,-1,1
2435,2436,1,1,1,1,-1
2436,2437,5,-1,1,-1,-1
2437,2438,2,1,1,1,-1
2439,2440,2,-1,1,1,-1
2440,2441,1,-1,1,1,1
2441,2442,3,-1,1,1,-1
2442,2443,0,-1,-1,-1,1
2443,2444,-1,-1,1,1,1
2444,2445,3,1,1,1,-1
2445,2446,4,-1,1,1,-1
2446,2447,5,-1,1,-1,-1
2447,2448,1,-1,-1,1,1
2448,2449,4,1,1,1,-1
2449,2450,-1,-1,1,1,1
2450,2451,-1,-1,-1,-1,1
2451,2452,-1,-1,-1,1,1
2452,2453,3,-1,1,1,-1
2453,2454,1,-1,-1,1,1
2454,2455,3,-1,-1,1,1
2457,2458,2,1,1,1,-1
2458,2459,-1,-1,-1,1,1
2459,2460,3,-1,1,1,-1
2460,2461,2,1,1,1,-1
2462,2463,3,-1,-1,1,1
2463,2464,2,1,1,1,-1
2464,2465,1,1,1,1,-1
2465,2466,4,-1,1,1,-1
2466,2467,4,-1,1,1,-1
2467,2468,3,1,1,1,-1
2469,2470,2,-1,1,1,-1
2470,2471,1,1,1,1,-1
2471,2472,3,-1,1,1,1
2473,2474,1,1,1,1,-1
2474,2475,2,-1,1,1,-1
2475,2476,3,1,1,1,-1
2477,2478,3,1,1,1,-1
2478,2479,3,1,1,1,-1
2479,2480,1,-1,1,1,-1
2480,2481,1,-1,1,-1,1
2481,2482,1,1,1,1,-1
2482,2483,3,-1,1,1,1
2483,2484,-1,-1,-1,1,1
2487,2488,3,-1,1,1,-1
2488,2489,4,-1,1,1,-1
2489,2490,5,-1,1,-1,-1
2490,2491,1,1,1,1,-1
2491,2492,2,-1,1,1,-1
2492,2493,1,-1,1,1,-1
2493,2494,5,-1,1,-1,-1
2494,2495,-1,-1,1,1,1
2495,2496,5,1,1,-1,-1
2496,2497,-1,-1,1,1,1
2497,2498,-1,-1,-1,1,1
2498,2499,5,-1,1,-1,-1
2499,2500,5,1,-1,-1,1
2500,2501,3,-1,1,1,-1
2501,2502,1,1,1,1,-1
2502,2503,1,-1,1,1,-1
2503,2504,2,-1,1,1,-1
2504,2505,-1,-1,-1,1,1
2505,2506,5,1,1,-1,-1
2506,2507,1,-1,1,1,1
2507,2508,-1,-1,1,1,1
2508,2509,3,-1,1,1,-1
2509,2510,4,-1,1,1,1
2510,2511,-1,-1,-1,1,1
2511,2512,1,-1,-1,1,1
2512,2513,5,-1,1,-1,-1
2513,2514,1,1,1,1,-1
2514,2515,3,-1,1,1,-1
2515,2516,3,-1,1,1,-1
2516,2517,1,-1,1,1,-1
2517,2518,3,-1,1,1,1
2518,2519,4,-1,1,1,1
2519,2520,3,-1,1,1,-1
2520,2521,2,-1,1,1,-1
2521,2522,3,1,1,1,-1
2522,2523,2,-1,1,1,-1
2523,2524,1,1,1,1,-1
2524,2525,2,1,1,1,-1
2525,2526,3,-1,1,1,-1
2526,2527,1,-1,1,1,1
2527,2528,3,-1,1,1,1
2528,2529,3,-1,1,1,-1
2529,2530,2,-1,1,1,-1
2530,2531,2,1,1,1,-1
2531,2532,3,-1,1,1,-1
2533,2534,1,-1,1,-1,1
2534,2535,-1,-1,-1,1,1
2535,2536,4,-1,1,1,-1
2537,2538,3,-1,-1,1,1
2539,2540,4,-1,1,-1,1
2540,2541,3,-1,-1,-1,1
2541,2542,3,-1,1,1,-1
2542,2543,5,-1,1,-1,-1
2543,2544,1,-1,1,1,-1
2544,2545,4,-1,-1,1,1
2545,2546,-1,-1,1,1,1
2546,2547,2,1,1,1,-1
2547,2548,5,1,1,-1,-1
2548,2549,3,-1,1,1,-1
2549,2550,3,1,1,1,-1
2550,2551,1,1,1,1,-1
2551,2552,3,1,1,1,-1
2552,2553,3,-1,-1,1,1
2553,2554,0,-1,-1,-1,1
2554,2555,3,-1,1,1,-1
2555,2556,1,1,1,1,-1
2557,2558,5,-1,1,-1,-1
2559,2560,1,1,1,1,-1
2560,2561,0,-1,1,-1,1
2561,2562,1,1,1,1,-1
2562,2563,1,-1,1,1,-1
2563,2564,2,-1,1,1,-1
2564,2565,1,-1,-1,1,1
2565,2566,3,1,1,1,-1
2566,2567,-1,-1,1,1,1
2567,2568,3,-1,1,1,1
2569,2570,4,-1,-1,1,1
2570,2571,3,1,1,1,-1
2571,2572,-1,-1,-1,1,1
2572,2573,2,1,1,1,-1
2573,2574,3,-1,-1,1,1
2575,2576,5,-1,1,-1,-1
2576,2577,3,1,1,1,-1
2577,2578,1,-1,1,1,-1
2578,2579,1,-1,1,1,-1
2579,2580,4,-1,1,1,1
2580,2581,5,-1,1,-1,-1
2581,2582,1,-1,1,-1,1
2582,2583,1,-1,1,1,1
2583,2584,4,-1,1,1,1
2584,2585,-1,-1,1,1,1
2585,2586,5,-1,1,-1,-1
2586,2587,2,1,1,1,-1
2587,2588,-1,-1,1,-1,1
2588,2589,3,1,1,1,-1
2590,2591,3,-1,-1,1,1
2591,2592,4,-1,1,1,1
2592,2593,-1,-1,1,1,1
2593,2594,2,1,1,1,-1
2594,2595,3,1,1,1,-1
2595,2596,1,-1,1,1,1
2597,2598,3,-1,1,1,-1
2598,2599,2,-1,1,1,-1
2599,2600,5,1,1,-1,-1
2600,2601,1,-1,1,1,-1
2601,2602,1,-1,1,-1,1
2602,2603,1,-1,1,1,-1
2603,2604,1,-1,1,1,-1
2604,2605,4,1,1,1,-1
2605,2606,3,1,1,1,-1
2606,2607,5,1,1,-1,-1
2607,2608,5,-1,-1,-1,1
2608,2609,-1,-1,1,1,1
2609,2610,5,-1,-1,-1,1
2610,2611,5,-1,1,-1,-1
2611,2612,1,1,1,1,-1
2612,2613,3,-1,1,1,1
2613,2614,4,-1,1,1,-1
2614,2615,-1,-1,1,1,1
2615,2616,2,-1,1,1,-1
2616,2617,1,1,1,1,-1
2617,2618,2,1,1,1,-1
2618,2619,1,-1,1,-1,1
2619,2620,5,-1,-1,-1,1
2620,2621,3,-1,1,1,-1
2621,2622,4,-1,1,1,-1
2622,2623,1,1,1,1,-1
2623,2624,1,1,1,1,-1
2624,2625,-1,-1,-1,1,1
2626,2627,5,1,1,-1,-1
2627,2628,2,-1,1,1,-1
2628,2629,1,-1,1,1,-1
2629,2630,5,-1,1,-1,-1
2630,2631,1,1,1,1,-1
2631,2632,4,-1,-1,1,1
2632,2633,3,-1,1,1,1
2633,2634,3,-1,1,1,1
2635,2636,1,1,1,1,-1
2636,2637,2,-1,1,1,-1
2637,2638,1,-1,1,1,-1
2638,2639,-1,-1,1,1,1
2639,2640,1,-1,1,1,-1
2640,2641,-1,-1,1,1,1
2641,2642,-1,1,1,-1,1
2642,2643,1,-1,1,-1,1
2643,2644,1,-1,1,1,1
2644,2645,2,-1,1,1,-1
2645,2646,3,-1,1,1,-1
2647,2648,1,-1,1,1,-1
2648,2649,3,1,1,1,-1
2649,2650,2,1,1,1,-1
2651,2652,1,1,1,1,-1
2652,2653,3,-1,1,1,-1
2653,2654,2,1,1,1,-1
2654,2655,5,-1,-1,-1,1
2655,2656,1,-1,1,1,-1
2656,2657,3,1,1,1,-1
2657,2658,3,1,1,1,-1
2658,2659,1,-1,1,1,-1
2659,2660,4,1,1,1,-1
2660,2661,4,1,1,1,-1
2662,2663,3,-1,1,1,1
2663,2664,4,1,1,1,-1
2664,2665,2,1,1,1,-1
2665,2666,5,-1,1,-1,-1
2666,2667,5,-1,1,-1,-1
2667,2668,2,-1,1,1,-1
2668,2669,1,1,1,1,-1
2669,2670,4,-1,-1,1,1
2670,2671,3,-1,1,-1,1
2671,2672,3,1,1,1,1
2672,2673,2,1,1,1,-1
2673,2674,2,-1,1,1,-1
2674,2675,4,-1,1,1,1
2676,2677,3,-1,-1,1,1
2677,2678,-1,-1,-1,-1,1
2678,2679,3,1,1,1,-1
2679,2680,3,1,1,1,-1
2680,2681,4,-1,1,-1,1
2681,2682,2,-1,1,1,-1
2682,2683,4,-1,-1,1,1
2683,2684,3,-1,1,1,-1
2685,2686,4,-1,1,1,-1
2686,2687,3,-1,1,1,-1
2687,2688,4,-1,1,1,-1
2688,2689,2,-1,1,1,-1
2689,2690,1,1,1,1,-1
2690,2691,5,1,1,-1,-1
2691,2692,4,-1,1,1,1
2692,2693,3,-1,1,1,-1
2694,2695,1,-1,1,1,-1
2695,2696,4,-1,1,1,-1
2696,2697,4,-1,-1,1,1
2697,2698,4,-1,-1,1,1
2698,2699,4,-1,1,1,1
2699,2700,-1,-1,-1,1,1
2700,2701,1,1,1,1,1
2701,2702,1,-1,1,1,1
2702,2703,1,1,1,1,-1
2703,2704,3,-1,-1,-1,1
2704,2705,3,-1,1,1,-1
2705,2706,4,-1,1,1,1
2706,2707,4,-1,-1,1,1
2707,2708,3,-1,1,1,-1
2708,2709,-1,-1,-1,-1,1
2709,2710,0,-1,1,-1,1
2710,2711,3,-1,-1,1,1
2711,2712,3,-1,-1,1,1
2713,2714,1,-1,1,1,-1
2714,2715,-1,-1,-1,1,1
2715,2716,2,-1,1,1,-1
2716,2717,1,-1,1,1,1
2717,2718,1,1,1,1,-1
2719,2720,1,-1,1,1,-1
2720,2721,0,1,1,-1,1
2721,2722,3,-1,1,1,-1
2722,2723,4,-1,-1,1,1
2724,2725,1,-1,1,1,-1
2725,2726,3,-1,1,1,1
2726,2727,4,1,1,1,1
2727,2728,2,-1,1,1,-1
2728,2729,4,-1,-1,1,1
2729,2730,-1,-1,1,1,1
2730,2731,1,-1,1,1,-1
2731,2732,5,-1,1,-1,-1
2732,2733,1,-1,1,-1,1
2733,2734,5,-1,1,-1,-1
2734,2735,2,-1,1,1,-1
2735,2736,-1,-1,-1,1,1
2736,2737,1,1,1,1,-1
2739,2740,2,-1,1,1,-1
2740,2741,1,-1,-1,1,1
2741,2742,1,-1,1,-1,1
2742,2743,3,1,1,1,-1
2743,2744,2,1,1,1,-1
2744,2745,2,1,1,1,-1
2745,2746,1,1,1,1,-1
2747,2748,5,1,1,-1,-1
2748,2749,2,-1,1,1,-1
2749,2750,4,-1,-1,1,1
2750,2751,3,-1,1,1,-1
2752,2753,0,-1,-1,1,1
2753,2754,-1,-1,1,1,1
2754,2755,5,1,1,-1,-1
2755,2756,3,-1,1,1,-1
2756,2757,5,1,1,-1,-1
2757,2758,-1,-1,-1,1,1
2758,2759,1,1,1,1,-1
2759,2760,5,-1,1,-1,-1
2760,2761,3,1,1,1,-1
2761,2762,1,-1,1,1,-1
2763,2764,4,-1,-1,1,1
2765,2766,0,-1,1,-1,-1
2766,2767,5,-1,1,-1,-1
2767,2768,5,1,1,-1,-1
2768,2769,4,-1,-1,1,1
2769,2770,1,1,1,1,-1
2770,2771,4,1,1,1,-1
2772,2773,4,-1,1,1,-1
2773,2774,2,-1,1,1,-1
2774,2775,5,-1,1,-1,-1
2776,2777,3,-1,1,1,-1
2777,2778,1,-1,1,1,-1
2778,2779,-1,-1,1,-1,1
2779,2780,-1,-1,1,1,1
2780,2781,0,-1,1,1,1
2783,2784,1,-1,-1,1,1
2784,2785,1,-1,1,1,-1
2786,2787,1,-1,1,1,-1
2787,2788,-1,-1,-1,-1,1
2788,2789,-1,-1,-1,1,1
2789,2790,3,-1,-1,1,1
2790,2791,0,-1,1,-1,1
2791,2792,3,-1,1,1,-1
2792,2793,1,-1,1,1,1
2793,2794,-1,-1,1,1,1
2794,2795,2,-1,1,1,-1
2795,2796,3,1,1,1,-1
2796,2797,5,-1,1,-1,-1
2797,2798,4,-1,1,-1,1
2798,2799,4,-1,-1,-1,1
2799,2800,2,-1,1,1,-1
2800,2801,3,-1,1,1,1
2801,2802,2,1,1,1,-1
2802,2803,2,-1,1,1,-1
2803,2804,3,-1,1,1,-1
2804,2805,-1,-1,1,-1,1
2805,2806,2,-1,1,1,-1
2806,2807,1,1,1,1,-1
2807,2808,4,-1,1,1,1
2808,2809,-1,-1,-1,1,1
2809,2810,-1,1,1,-1,1
2810,2811,4,-1,1,1,1
2811,2812,-1,1,-1,-1,1
2812,2813,3,-1,1,1,-1
2813,2814,4,1,1,1,-1
2814,2815,4,-1,1,1,-1
2815,2816,-1,-1,-1,1,1
2816,2817,1,-1,1,1,-1
2817,2818,3,1,1,1,-1
2818,2819,-1,-1,1,1,1
2819,2820,1,1,1,1,-1
2820,2821,5,-1,1,-1,-1
2821,2822,2,1,1,1,-1
2822,2823,4,-1,-1,1,1
2823,2824,3,-1,1,1,1
2824,2825,2,1,1,1,-1
2826,2827,1,-1,1,-1,1
2827,2828,-1,-1,-1,1,1
2828,2829,-1,-1,-1,1,1
2829,2830,5,1,-1,-1,1
2831,2832,4,-1,1,1,-1
2832,2833,0,-1,1,-1,1
2833,2834,5,1,1,-1,-1
2835,2836,2,-1,1,1,-1
2836,2837,-1,-1,-1,1,1
2837,2838,5,-1,1,-1,-1
2838,2839,4,-1,1,1,-1
2839,2840,1,-1,1,1,-1
2840,2841,1,-1,1,1,-1
2841,2842,1,-1,-1,1,1
2842,2843,2,-1,1,1,-1
2843,2844,5,1,1,-1,-1
2844,2845,2,1,1,1,-1
2845,2846,4,-1,1,-1,1
2846,2847,1,1,1,1,-1
2847,2848,2,-1,1,1,-1
2848,2849,3,-1,1,1,1
2849,2850,1,-1,1,1,-1
2850,2851,-1,-1,1,1,1
2851,2852,-1,-1,-1,1,1
2852,2853,3,-1,-1,1,1
2854,2855,5,1,1,-1,1
2855,2856,1,-1,1,1,-1
2856,2857,3,-1,-1,1,1
2857,2858,1,1,1,1,-1
2859,2860,3,-1,1,1,-1
2860,2861,4,-1,1,1,-1
2861,2862,4,-1,1,1,-1
2862,2863,3,-1,1,1,-1
2863,2864,5,1,1,-1,-1
2864,2865,2,1,1,1,-1
2865,2866,3,-1,1,1,1
2866,2867,1,1,1,1,-1
2867,2868,3,-1,-1,1,1
2870,2871,3,-1,1,1,-1
2871,2872,2,-1,1,1,-1
2872,2873,4,-1,1,1,-1
2873,2874,5,1,1,-1,-1
2874,2875,2,1,1,1,-1
2875,2876,0,-1,1,-1,-1
2876,2877,5,-1,1,-1,-1
2877,2878,1,-1,1,1,-1
2878,2879,3,-1,-1,1,1
2879,2880,1,1,1,1,-1
2880,2881,1,1,1,1,-1
2882,2883,-1,-1,1,1,1
2883,2884,1,-1,1,1,-1
2884,2885,5,1,1,-1,-1
2886,2887,1,-1,1,1,1
2888,2889,5,-1,1,-1,-1
2889,2890,4,-1,1,1,-1
2890,2891,-1,-1,-1,1,1
2892,2893,4,-1,-1,1,1
2893,2894,2,1,1,1,-1
2894,2895,1,-1,1,1,-1
2895,2896,4,-1,-1,1,1
2896,2897,5,-1,1,-1,-1
2897,2898,3,-1,1,1,-1
2898,2899,5,-1,1,-1,-1
2899,2900,0,-1,1,-1,-1
2900,2901,1,-1,1,1,-1
2901,2902,3,-1,-1,1,1
2902,2903,2,1,1,1,-1
2903,2904,3,1,1,1,-1
2904,2905,5,-1,1,-1,-1
2905,2906,3,-1,-1,1,1
2906,2907,2,-1,1,1,-1
2907,2908,-1,-1,1,1,1
2908,2909,5,-1,1,-1,1
2909,2910,5,-1,1,-1,-1
2910,2911,3,-1,-1,1,1
2912,2913,3,1,1,1,-1
2913,2914,1,-1,-1,1,1
2915,2916,2,-1,1,1,-1
2916,2917,3,-1,1,1,-1
2917,2918,2,-1,1,1,-1
2918,2919,3,-1,-1,1,1
2919,2920,-1,1,-1,-1,1
2920,2921,1,-1,1,1,-1
2921,2922,5,1,1,-1,-1
2922,2923,1,-1,1,1,-1
2923,2924,3,-1,-1,1,1
2924,2925,1,-1,1,1,-1
2925,2926,3,-1,1,1,1
2926,2927,4,1,1,1,-1
2927,2928,-1,-1,-1,1,1
2928,2929,3,1,1,1,-1
2929,2930,4,1,1,1,-1
2930,2931,4,-1,1,1,-1
2931,2932,2,1,1,1,-1
2932,2933,3,-1,1,1,-1
2933,2934,-1,1,-1,1,1
2934,2935,0,1,-1,1,1
2935,2936,1,-1,1,1,-1
2936,2937,1,1,1,1,-1
2937,2938,2,-1,1,1,-1
2938,2939,4,-1,-1,1,1
2939,2940,1,-1,1,1,-1
2940,2941,-1,-1,1,1,1
2941,2942,-1,-1,-1,1,1
2942,2943,4,1,1,1,-1
2943,2944,3,1,1,1,-1
2944,2945,1,1,1,1,-1
2945,2946,2,-1,1,1,-1
2946,2947,1,-1,1,1,-1
2947,2948,0,-1,1,1,1
2948,2949,1,-1,-1,1,1
2949,2950,2,-1,1,1,-1
2950,2951,4,1,1,1,-1
2951,2952,4,-1,1,1,-1
2952,2953,4,-1,1,1,1
2953,2954,1,1,1,1,-1
2954,2955,2,-1,1,1,-1
2955,2956,3,1,1,1,-1
2956,2957,-1,1,1,1,1
2957,2958,3,-1,1,1,1
2958,2959,1,-1,1,1,-1
2959,2960,4,1,1,1,-1
2960,2961,3,-1,1,1,1
2961,2962,1,-1,-1,1,1
2962,2963,3,-1,1,1,-1
2963,2964,1,1,1,1,-1
2964,2965,5,1,1,-1,-1
2965,2966,0,-1,1,-1,-1
2966,2967,3,-1,-1,-1,1
2967,2968,1,-1,1,1,1
2968,2969,4,1,1,1,-1
2969,2970,-1,-1,-1,1,1
2970,2971,2,1,1,1,-1
2971,2972,5,1,1,-1,-1
2972,2973,1,-1,1,1,-1
2973,2974,5,-1,1,-1,-1
2974,2975,3,-1,1,1,-1
2975,2976,5,-1,1,-1,-1
2976,2977,-1,-1,1,-1,1
2977,2978,5,1,1,-1,-1
2978,2979,3,-1,1,1,1
2979,2980,1,-1,1,1,-1
2980,2981,1,-1,1,1,-1
2981,2982,2,1,1,1,-1
2983,2984,-1,-1,-1,1,1
2984,2985,1,-1,1,1,1
2985,2986,1,-1,1,1,-1
2986,2987,2,-1,1,1,-1
2987,2988,1,-1,1,1,-1
2988,2989,1,-1,1,1,-1
2989,2990,1,1,1,1,-1
2991,2992,3,1,1,1,-1
2992,2993,1,-1,1,1,1
2993,2994,3,1,1,1,-1
2994,2995,2,-1,1,1,-1
2995,2996,4,-1,1,1,1
2996,2997,3,1,1,1,-1
2997,2998,-1,-1,1,1,1
2998,2999,1,-1,-1,1,1
2999,3000,1,-1,1,1,1
3000,3001,3,-1,-1,1,1
3001,3002,-1,-1,-1,1,1
3002,3003,3,-1,1,1,1
3003,3004,3,-1,1,1,-1
3004,3005,-1,-1,-1,1,1
3005,3006,2,-1,1,1,-1
3006,3007,-1,-1,1,1,1
3007,3008,3,-1,1,1,-1
3008,3009,5,-1,1,-1,-1
3009,3010,2,-1,1,1,-1
3010,3011,-1,-1,-1,-1,1
3011,3012,-1,-1,-1,1,1
3012,3013,4,-1,1,1,1
3014,3015,-1,-1,1,1,1
3015,3016,-1,-1,-1,1,1
3016,3017,3,-1,-1,1,1
3017,3018,4,-1,-1,1,1
3018,3019,-1,-1,-1,1,1
3019,3020,2,-1,1,1,-1
3020,3021,4,1,1,1,-1
3021,3022,4,1,-1,1,1
3022,3023,4,-1,-1,1,1
3023,3024,2,1,1,1,-1
3024,3025,4,-1,-1,-1,1
3025,3026,1,-1,1,1,-1
3026,3027,1,-1,1,1,-1
3027,3028,-1,-1,1,1,1
3028,3029,-1,-1,-1,-1,1
3029,3030,3,1,1,1,-1
3030,3031,3,-1,1,1,1
3031,3032,2,-1,1,1,-1
3032,3033,-1,-1,1,-1,1
3034,3035,3,-1,-1,-1,1
3037,3038,0,-1,1,-1,1
3038,3039,1,-1,1,1,-1
3039,3040,5,-1,1,-1,-1
3040,3041,1,1,1,1,-1
3041,3042,1,1,1,1,-1
3042,3043,-1,-1,-1,1,1
3044,3045,1,-1,1,1,1
3045,3046,3,-1,1,1,-1
3046,3047,2,1,1,1,-1
3047,3048,4,-1,1,1,1
3048,3049,1,-1,1,1,1
3049,3050,2,-1,1,1,-1
3052,3053,4,1,1,1,1
3054,3055,2,1,1,1,-1
3055,3056,-1,-1,-1,1,1
3056,3057,2,-1,1,1,-1
3057,3058,1,-1,1,1,-1
3058,3059,2,-1,1,1,-1
3059,3060,4,-1,-1,1,1
3060,3061,2,-1,1,1,-1
3061,3062,4,1,1,1,-1
3062,3063,3,1,1,1,-1
3063,3064,1,-1,1,1,-1
3064,3065,2,1,1,1,-1
3065,3066,-1,-1,-1,1,1
3067,3068,-1,-1,-1,1,1
3068,3069,1,-1,1,1,-1
3070,3071,1,1,1,1,-1
3071,3072,4,-1,1,-1,1
3072,3073,1,1,1,1,-1
3073,3074,-1,-1,1,1,1
3074,3075,1,-1,-1,1,1
3075,3076,1,-1,1,1,-1
3076,3077,4,-1,-1,1,1
3077,3078,4,-1,1,1,1
3078,3079,4,-1,1,1,1
3079,3080,1,1,1,1,-1
3081,3082,5,1,1,-1,-1
3082,3083,1,-1,1,1,-1
3083,3084,-1,-1,1,1,1
3084,3085,5,-1,1,-1,1
3086,3087,1,1,1,1,-1
3087,3088,1,-1,1,1,-1
3089,3090,1,-1,1,1,-1
3090,3091,3,-1,1,1,-1
3091,3092,2,-1,1,1,-1
3092,3093,5,1,1,-1,-1
3093,3094,1,-1,1,1,-1
3094,3095,3,-1,1,1,-1
3095,3096,-1,1,-1,1,1
3096,3097,3,-1,1,1,1
3097,3098,2,1,1,1,-1
3099,3100,0,-1,1,1,1
3100,3101,1,-1,1,1,-1
3102,3103,4,-1,-1,1,1
3105,3106,1,-1,-1,1,1
3106,3107,1,-1,1,1,-1
3107,3108,3,1,1,1,-1
3108,3109,-1,-1,1,-1,1
3109,3110,1,-1,-1,1,1
3110,3111,4,-1,1,1,1
3111,3112,4,-1,1,-1,1
3112,3113,0,-1,-1,-1,1
3113,3114,5,-1,1,-1,-1
3115,3116,-1,-1,-1,1,1
3116,3117,1,-1,1,1,-1
3117,3118,5,-1,1,-1,-1
3118,3119,-1,-1,1,1,1
3119,3120,3,-1,1,1,-1
3120,3121,4,-1,-1,1,1
3121,3122,1,1,1,1,-1
3122,3123,5,1,1,-1,-1
3123,3124,3,-1,1,1,-1
3124,3125,3,-1,1,1,1
3125,3126,1,-1,1,1,-1
3126,3127,5,-1,1,-1,-1
3127,3128,1,-1,-1,-1,1
3128,3129,3,-1,1,1,1
3129,3130,2,-1,1,1,-1
3130,3131,3,1,1,1,-1
3131,3132,5,1,1,-1,-1
3132,3133,-1,-1,1,1,1
3133,3134,0,1,1,-1,1
3134,3135,-1,-1,1,1,1
3136,3137,4,-1,-1,1,1
3137,3138,3,-1,1,1,-1
3138,3139,5,1,1,-1,-1
3139,3140,5,-1,1,-1,-1
3140,3141,-1,-1,-1,-1,1
3141,3142,3,-1,-1,1,1
3142,3143,3,-1,1,1,1
3143,3144,2,-1,1,1,-1
3144,3145,4,-1,1,1,-1
3145,3146,5,1,1,-1,-1
3146,3147,4,-1,1,1,-1
3147,3148,4,-1,1,1,1
3148,3149,2,1,1,1,-1
3149,3150,2,1,1,1,-1
3150,3151,-1,-1,1,1,1
3151,3152,1,1,1,1,-1
3152,3153,3,-1,1,1,1
3153,3154,3,-1,1,1,-1
3154,3155,5,1,1,-1,1
3156,3157,-1,-1,-1,-1,1
3157,3158,4,-1,1,1,1
3158,3159,4,1,1,1,-1
3159,3160,1,-1,1,1,1
3160,3161,5,-1,1,-1,-1
3161,3162,-1,-1,1,-1,1
3162,3163,3,-1,1,1,1
3163,3164,3,-1,-1,1,1
3164,3165,-1,-1,1,1,1
3165,3166,2,-1,1,1,-1
3166,3167,2,-1,1,1,-1
3167,3168,4,1,1,1,-1
3168,3169,-1,1,1,1,1
3169,3170,1,-1,1,1,-1
3170,3171,1,1,1,1,-1
3171,3172,3,1,1,1,-1
3172,3173,1,-1,-1,1,1
3173,3174,3,-1,1,1,-1
3175,3176,5,-1,1,-1,-1
3176,3177,1,-1,1,1,-1
3177,3178,-1,-1,-1,1,1
3178,3179,1,-1,-1,1,1
3179,3180,4,-1,1,1,1
3180,3181,2,-1,1,1,-1
3181,3182,3,-1,1,1,-1
3183,3184,3,-1,-1,1,1
3184,3185,4,-1,1,1,1
3185,3186,5,-1,1,-1,-1
3186,3187,0,-1,1,-1,1
3187,3188,3,-1,1,-1,1
3188,3189,2,-1,1,1,-1
3189,3190,5,-1,1,-1,-1
3190,3191,1,-1,1,1,-1
3191,3192,5,-1,1,-1,-1
3192,3193,3,-1,1,1,-1
3193,3194,3,-1,1,1,-1
3194,3195,-1,-1,-1,-1,1
3195,3196,3,1,1,1,-1
3196,3197,4,-1,-1,1,1
3197,3198,3,1,1,1,-1
3198,3199,3,-1,-1,1,1
3199,3200,1,-1,1,1,-1
3200,3201,1,1,1,1,-1
3201,3202,5,-1,1,-1,-1
3202,3203,1,-1,1,1,-1
3203,3204,3,-1,1,1,-1
3204,3205,5,1,1,-1,-1
3205,3206,4,-1,-1,1,1
3206,3207,4,-1,1,1,-1
3207,3208,5,-1,1,-1,-1
3208,3209,2,-1,1,1,-1
3209,3210,3,-1,1,1,-1
3210,3211,1,-1,1,1,1
3211,3212,4,-1,-1,-1,1
3212,3213,4,1,1,1,-1
3213,3214,1,-1,1,1,-1
3214,3215,4,-1,1,1,1
3215,3216,3,-1,1,1,-1
3216,3217,5,1,1,-1,1
3217,3218,-1,-1,-1,-1,1
3218,3219,4,-1,1,-1,1
3219,3220,-1,-1,-1,1,1
3220,3221,-1,-1,-1,1,1
3221,3222,3,1,1,1,-1
3222,3223,5,-1,1,-1,-1
3223,3224,2,-1,1,1,-1
3224,3225,1,-1,1,1,-1
3225,3226,3,-1,1,1,1
3226,3227,3,1,1,1,-1
3227,3228,3,-1,1,1,-1
3228,3229,1,1,1,1,-1
3229,3230,3,-1,1,1,-1
3230,3231,5,1,1,-1,-1
3231,3232,3,1,1,1,-1
3232,3233,5,-1,1,-1,1
3233,3234,1,1,1,1,-1
3234,3235,-1,1,1,1,1
3235,3236,4,-1,1,1,1
3236,3237,1,1,1,1,-1
3237,3238,5,-1,1,-1,-1
3238,3239,3,-1,1,1,1
3239,3240,-1,-1,1,1,1
3240,3241,5,1,1,-1,-1
3241,3242,1,-1,1,-1,1
3242,3243,4,-1,1,1,-1
3243,3244,2,1,1,1,-1
3244,3245,5,-1,1,-1,-1
3245,3246,4,-1,1,1,-1
3246,3247,4,-1,1,1,-1
3247,3248,3,-1,1,1,-1
3248,3249,2,-1,1,1,-1
3249,3250,4,-1,-1,-1,1
3250,3251,-1,-1,-1,-1,1
3251,3252,0,-1,1,-1,1
3252,3253,4,-1,1,1,-1
3253,3254,1,1,1,1,-1
3254,3255,4,-1,-1,1,1
3255,3256,3,-1,1,1,1
3258,3259,1,-1,1,1,-1
3259,3260,-1,-1,1,-1,1
3261,3262,1,1,1,1,-1
3262,3263,1,-1,1,1,-1
3265,3266,5,-1,1,-1,-1
3266,3267,-1,1,1,1,1
3267,3268,0,1,1,-1,-1
3268,3269,4,-1,1,1,1
3269,3270,-1,-1,-1,1,1
3270,3271,4,-1,-1,-1,1
3271,3272,1,-1,1,1,-1
3272,3273,1,-1,1,1,-1
3273,3274,-1,-1,1,1,1
3274,3275,3,1,1,1,-1
3275,3276,3,-1,1,1,1
3276,3277,3,-1,-1,1,1
3277,3278,0,1,1,-1,-1
3278,3279,1,-1,-1,1,1
3279,3280,4,-1,1,1,-1
3280,3281,-1,1,-1,1,1
3281,3282,2,-1,1,1,-1
3283,3284,4,-1,1,1,-1
3284,3285,2,1,1,1,-1
3285,3286,2,1,1,1,-1
3286,3287,0,-1,-1,-1,1
3287,3288,1,1,1,1,-1
3288,3289,1,1,1,1,-1
3289,3290,2,1,1,1,-1
3290,3291,1,-1,1,1,1
3291,3292,5,-1,1,-1,-1
3292,3293,5,-1,1,-1,-1
3293,3294,4,-1,1,1,-1
3294,3295,1,1,1,1,-1
3295,3296,-1,1,-1,-1,1
3298,3299,-1,-1,-1,1,1
3299,3300,2,1,1,1,-1
3300,3301,1,-1,1,1,-1
3301,3302,2,1,1,1,-1
3303,3304,2,-1,1,1,-1
3304,3305,1,-1,1,-1,1
3305,3306,4,-1,1,1,1
3306,3307,1,1,1,1,-1
3307,3308,1,-1,1,1,-1
3308,3309,3,-1,1,1,1
3309,3310,4,-1,-1,1,1
3310,3311,-1,-1,-1,1,1
3311,3312,4,-1,1,1,1
3312,3313,1,1,1,1,-1
3313,3314,2,1,1,1,-1
3314,3315,1,1,1,1,-1
3315,3316,-1,-1,1,1,1
3316,3317,-1,-1,-1,-1,1
3317,3318,3,-1,1,-1,1
3318,3319,2,1,1,1,-1
3319,3320,5,-1,1,-1,-1
3320,3321,2,-1,1,1,-1
3322,3323,5,1,1,-1,-1
3324,3325,4,-1,-1,1,1
3326,3327,5,1,1,-1,-1
3327,3328,-1,-1,-1,1,1
3328,3329,2,1,1,1,-1
3329,3330,0,-1,1,-1,1
3330,3331,1,-1,-1,1,1
3331,3332,2,1,1,1,-1
3332,3333,5,-1,1,-1,-1
3333,3334,1,-1,1,1,-1
3335,3336,4,-1,1,1,1
3336,3337,3,-1,1,1,1
3337,3338,2,1,1,1,-1
3339,3340,1,-1,1,1,-1
3340,3341,3,-1,-1,1,1
3341,3342,5,1,1,-1,1
3342,3343,1,1,1,1,-1
3343,3344,4,1,1,1,-1
3344,3345,-1,1,-1,-1,1
3345,3346,-1,-1,1,-1,1
3346,3347,4,-1,1,1,1
3347,3348,4,-1,-1,1,1
3348,3349,3,1,1,1,-1
3350,3351,3,-1,1,1,-1
3351,3352,-1,-1,-1,1,1
3352,3353,2,-1,1,1,-1
3353,3354,3,-1,1,1,-1
3354,3355,4,-1,1,1,1
3355,3356,3,-1,1,1,-1
3357,3358,-1,-1,-1,1,1
3358,3359,3,-1,-1,-1,1
3360,3361,3,-1,1,1,-1
3361,3362,5,1,1,-1,-1
3362,3363,-1,-1,-1,1,1
3364,3365,1,-1,1,1,-1
3365,3366,2,1,1,1,-1
3366,3367,1,-1,-1,1,1
3367,3368,1,-1,1,1,1
3368,3369,3,-1,1,1,-1
3369,3370,-1,-1,-1,-1,1
3370,3371,-1,-1,1,1,1
3371,3372,-1,-1,-1,1,1
3372,3373,1,-1,1,1,-1
3373,3374,1,1,1,1,-1
3375,3376,3,-1,-1,1,1
3376,3377,2,-1,1,1,-1
3377,3378,1,-1,-1,1,1
3378,3379,5,-1,1,-1,-1
3379,3380,4,-1,1,1,-1
3380,3381,4,-1,1,1,1
3381,3382,1,1,1,1,-1
3382,3383,5,1,-1,-1,1
3383,3384,2,1,1,1,-1
3384,3385,1,-1,1,1,-1
3385,3386,-1,-1,-1,1,1
3386,3387,4,-1,-1,-1,1
3387,3388,1,1,1,1,-1
3389,3390,1,-1,1,1,-1
3390,3391,3,1,1,1,-1
3391,3392,1,-1,1,1,-1
3392,3393,5,1,1,-1,-1
3393,3394,5,-1,1,-1,-1
3394,3395,0,1,1,-1,-1
3395,3396,2,-1,1,1,-1
3396,3397,4,-1,1,1,1
3398,3399,3,-1,1,1,1
3399,3400,-1,-1,-1,-1,1
3400,3401,3,-1,1,1,-1
3402,3403,-1,-1,-1,1,1
3403,3404,5,1,1,-1,-1
3404,3405,-1,-1,1,1,1
3405,3406,-1,-1,-1,1,1
3406,3407,4,-1,-1,1,1
3407,3408,1,-1,1,1,-1
3408,3409,1,-1,1,1,-1
3409,3410,2,-1,1,1,-1
3410,3411,-1,-1,1,1,1
3411,3412,1,-1,1,1,-1
3412,3413,1,-1,1,-1,1
3413,3414,5,1,1,-1,-1
3414,3415,0,-1,-1,-1,1
3416,3417,2,1,1,1,-1
3417,3418,5,1,1,-1,-1
3418,3419,4,-1,1,1,1
3420,3421,2,-1,1,1,-1
3421,3422,4,-1,1,1,1
3422,3423,1,-1,1,-1,1
3423,3424,3,-1,-1,1,1
3425,3426,2,1,1,1,-1
3426,3427,3,-1,-1,1,1
3427,3428,5,1,1,-1,-1
3428,3429,5,1,1,-1,-1
3429,3430,3,-1,1,1,-1
3430,3431,4,-1,1,1,1
3431,3432,1,-1,1,1,-1
3432,3433,-1,-1,1,1,1
3433,3434,4,-1,-1,1,1
3434,3435,1,-1,1,1,-1
3435,3436,4,-1,1,1,-1
3436,3437,-1,-1,1,1,1
3438,3439,1,1,1,1,-1
3439,3440,-1,-1,1,1,1
3441,3442,5,1,1,-1,-1
3443,3444,3,-1,1,1,1
3444,3445,5,-1,1,-1,-1
3445,3446,4,-1,1,1,1
3446,3447,1,-1,1,1,-1
3448,3449,3,-1,1,1,-1
3449,3450,4,-1,-1,1,1
3450,3451,2,1,1,1,-1
3452,3453,3,-1,1,1,1
3453,3454,2,-1,1,1,-1
3454,3455,1,1,1,1,-1
3455,3456,4,-1,-1,1,1
3456,3457,2,1,1,1,-1
3458,3459,3,-1,1,1,1
3459,3460,-1,-1,-1,-1,1
3461,3462,1,-1,1,1,1
3462,3463,1,1,1,1,-1
3463,3464,2,1,1,1,-1
3464,3465,5,-1,1,-1,-1
3465,3466,2,-1,1,1,-1
3466,3467,1,-1,1,1,-1
3467,3468,1,1,1,1,-1
3468,3469,4,-1,1,1,1
3469,3470,5,-1,1,-1,-1
3470,3471,1,-1,1,1,-1
3471,3472,2,1,1,1,-1
3472,3473,3,-1,-1,1,1
3473,3474,4,-1,1,1,-1
3474,3475,3,-1,1,1,1
3475,3476,-1,-1,1,1,1
3476,3477,3,1,1,1,-1
3477,3478,1,-1,1,1,-1
3478,3479,4,-1,1,1,1
3479,3480,1,-1,-1,1,1
3480,3481,-1,-1,-1,1,1
3481,3482,4,-1,1,1,-1
3482,3483,5,-1,1,-1,-1
3483,3484,4,-1,1,1,1
3484,3485,-1,-1,-1,1,1
3485,3486,3,-1,1,1,1
3486,3487,3,1,1,1,-1
3487,3488,5,-1,1,-1,1
3489,3490,5,1,1,-1,-1
3490,3491,2,-1,1,1,-1
3491,3492,4,-1,1,1,1
3492,3493,5,1,1,-1,-1
3493,3494,3,1,1,1,-1
3494,3495,4,1,1,1,-1
3495,3496,1,-1,-1,1,1
3496,3497,3,1,1,1,-1
3497,3498,4,-1,1,1,1
3498,3499,4,1,1,1,-1
3499,3500,2,-1,1,1,-1
3500,3501,4,-1,1,1,1
3501,3502,2,-1,1,1,-1
3503,3504,3,-1,1,1,-1
3504,3505,-1,1,1,1,1
3505,3506,1,-1,-1,1,1
3506,3507,5,1,1,-1,-1
3507,3508,1,-1,1,1,-1
3508,3509,1,-1,1,1,-1
3509,3510,3,1,1,1,-1
3510,3511,3,1,1,1,-1
3511,3512,3,-1,1,1,1
3512,3513,1,-1,-1,1,1
3513,3514,2,-1,1,1,-1
3514,3515,-1,-1,-1,1,1
3516,3517,4,-1,1,1,1
3518,3519,3,-1,1,1,-1
3519,3520,4,-1,1,-1,1
3520,3521,5,-1,1,-1,-1
3521,3522,4,1,1,1,-1
3522,3523,5,1,1,-1,-1
3523,3524,-1,-1,-1,-1,1
3525,3526,4,1,1,-1,1
3526,3527,-1,-1,-1,1,1
3527,3528,1,-1,1,1,-1
3528,3529,1,-1,1,1,-1
3529,3530,5,-1,-1,-1,1
3530,3531,4,-1,-1,1,1
3531,3532,4,1,1,1,-1
3533,3534,3,-1,1,1,-1
3534,3535,3,-1,1,1,-1
3535,3536,1,-1,1,1,1
3536,3537,4,-1,1,1,-1
3537,3538,3,-1,1,1,1
3538,3539,4,-1,-1,1,1
3539,3540,1,-1,1,1,1
3540,3541,5,1,1,-1,-1
3541,3542,4,-1,-1,1,1
3542,3543,4,-1,1,1,1
3543,3544,5,-1,1,-1,-1
3545,3546,3,-1,-1,1,1
3546,3547,1,1,1,1,-1
3547,3548,-1,-1,-1,1,1
3548,3549,2,1,1,1,-1
3549,3550,1,-1,1,1,-1
3550,3551,3,-1,1,1,1
3551,3552,1,1,1,1,-1
3552,3553,4,-1,-1,1,1
3553,3554,1,-1,-1,1,1
3554,3555,-1,-1,-1,-1,1
3555,3556,4,-1,1,1,-1
3556,3557,4,1,1,1,-1
3557,3558,3,-1,1,1,-1
3558,3559,5,1,-1,-1,1
3559,3560,3,-1,1,1,1
3560,3561,2,-1,1,1,-1
3561,3562,4,-1,1,1,-1
3562,3563,5,1,1,-1,-1
3564,3565,-1,-1,1,1,1
3566,3567,5,-1,1,-1,1
3567,3568,-1,-1,1,-1,1
3568,3569,4,-1,1,1,-1
3569,3570,3,-1,1,1,-1
3570,3571,-1,-1,1,1,1
3571,3572,2,-1,1,1,-1
3572,3573,4,1,1,1,-1
3574,3575,3,-1,1,1,-1
3575,3576,1,-1,-1,1,1
3576,3577,1,-1,-1,1,1
3577,3578,-1,-1,-1,1,1
3578,3579,1,1,1,1,-1
3580,3581,4,-1,1,1,1
3581,3582,2,1,1,1,-1
3582,3583,1,-1,1,1,-1
3583,3584,5,-1,1,-1,-1
3584,3585,3,-1,-1,1,1
3585,3586,2,-1,1,1,-1
3587,3588,4,-1,1,1,1
3588,3589,4,-1,-1,1,1
3589,3590,2,1,1,1,-1
3590,3591,0,-1,1,-1,-1
3591,3592,5,-1,1,-1,-1
3592,3593,5,-1,1,-1,-1
3593,3594,3,1,1,1,-1
3594,3595,3,-1,1,1,1
3596,3597,2,-1,1,1,-1
3597,3598,1,-1,1,1,-1
3598,3599,1,-1,1,1,-1
3599,3600,5,1,-1,-1,1
3600,3601,4,1,1,1,-1
3601,3602,3,1,1,1,1
3602,3603,5,-1,1,-1,-1
3603,3604,5,1,1,-1,-1
3604,3605,4,-1,-1,1,1
3605,3606,-1,-1,1,1,1
3606,3607,3,-1,1,1,-1
3607,3608,5,1,1,-1,-1
3609,3610,3,-1,1,1,1
3610,3611,-1,-1,1,1,1
3611,3612,1,-1,1,1,1
3612,3613,4,-1,1,1,-1
3613,3614,3,-1,1,1,-1
3614,3615,1,1,1,1,-1
3615,3616,1,1,1,1,-1
3616,3617,2,1,1,1,-1
3617,3618,4,-1,1,1,1
3618,3619,3,1,1,1,-1
3620,3621,2,1,1,1,-1
3622,3623,5,-1,1,-1,-1
3623,3624,3,1,1,1,-1
3624,3625,2,1,1,1,-1
3625,3626,5,-1,1,-1,-1
3627,3628,3,-1,1,1,1
3628,3629,1,-1,-1,1,1
3629,3630,-1,-1,-1,-1,1
3630,3631,1,-1,-1,1,1
3631,3632,1,-1,1,-1,1
3632,3633,4,1,1,1,-1
3633,3634,3,-1,-1,1,1
3634,3635,-1,-1,1,1,1
3635,3636,-1,-1,1,1,1
3636,3637,3,-1,1,1,-1
3637,3638,1,-1,1,1,-1
3638,3639,1,-1,1,1,-1
3639,3640,2,-1,1,1,-1
3640,3641,4,-1,1,1,-1
3641,3642,3,-1,1,1,1
3642,3643,5,-1,1,-1,-1
3643,3644,-1,1,1,-1,1
3644,3645,0,1,1,-1,1
3645,3646,2,-1,1,1,-1
3646,3647,2,-1,1,1,-1
3647,3648,2,1,1,1,-1
3648,3649,5,1,1,-1,-1
3649,3650,3,-1,1,1,1
3650,3651,0,-1,-1,-1,1
3652,3653,-1,-1,1,-1,1
3654,3655,3,-1,1,1,1
3655,3656,4,-1,-1,1,1
3656,3657,5,-1,1,-1,1
3657,3658,3,-1,1,1,-1
3658,3659,-1,-1,-1,1,1
3660,3661,-1,-1,1,1,1
3661,3662,4,-1,1,1,-1
3662,3663,5,1,1,-1,-1
3663,3664,1,1,1,1,-1
3664,3665,5,1,1,-1,-1
3665,3666,-1,1,-1,1,1
3667,3668,2,-1,1,1,-1
3669,3670,-1,-1,1,-1,1
3670,3671,3,-1,1,1,-1
3671,3672,3,-1,-1,1,1
3672,3673,5,1,1,-1,1
3673,3674,2,1,1,1,-1
3674,3675,2,-1,1,1,-1
3675,3676,5,-1,1,-1,-1
3676,3677,5,1,1,-1,-1
3677,3678,4,-1,1,1,-1
3678,3679,3,-1,1,1,1
3679,3680,2,1,1,1,-1
3680,3681,3,-1,1,-1,1
3681,3682,1,-1,1,1,-1
3682,3683,5,-1,1,-1,-1
3683,3684,3,1,1,1,-1
3684,3685,2,-1,1,1,-1
3685,3686,2,1,1,1,-1
3686,3687,3,-1,1,1,1
3687,3688,3,-1,1,1,1
3688,3689,5,1,1,-1,-1
3689,3690,-1,-1,-1,1,1
3690,3691,3,-1,1,1,1
3691,3692,4,-1,-1,1,1
3692,3693,3,-1,1,1,-1
3693,3694,3,-1,1,1,-1
3694,3695,5,1,1,-1,-1
3695,3696,1,-1,1,1,-1
3696,3697,4,-1,1,1,1
3697,3698,1,-1,1,1,-1
3698,3699,2,-1,1,1,-1
3699,3700,1,1,1,1,-1
3700,3701,2,-1,1,1,-1
3701,3702,4,-1,1,1,-1
3702,3703,5,-1,1,-1,-1
3703,3704,2,1,1,1,-1
3704,3705,3,1,1,1,-1
3705,3706,3,-1,1,1,-1
3706,3707,4,-1,-1,1,1
3707,3708,1,1,1,1,-1
3708,3709,4,1,1,1,-1
3709,3710,3,-1,-1,1,1
3710,3711,-1,-1,-1,-1,1
3712,3713,1,1,1,1,-1
3713,3714,-1,-1,-1,-1,1
3714,3715,5,-1,1,-1,-1
3715,3716,4,1,1,1,-1
3716,3717,2,1,1,1,-1
3717,3718,-1,-1,-1,1,1
3718,3719,1,-1,-1,1,1
3719,3720,-1,-1,-1,1,1
3720,3721,4,-1,1,1,-1
3721,3722,4,1,1,1,-1
3722,3723,-1,1,1,-1,1
3723,3724,1,-1,1,1,-1
3724,3725,5,1,1,-1,-1
3725,3726,2,-1,1,1,-1
3726,3727,1,1,1,1,-1
3727,3728,-1,-1,1,-1,1
3728,3729,4,-1,1,1,-1
3729,3730,-1,-1,1,1,1
3730,3731,3,-1,1,1,-1
3732,3733,2,-1,1,1,-1
3733,3734,0,-1,1,-1,-1
3734,3735,3,-1,1,1,-1
3735,3736,-1,-1,-1,1,1
3736,3737,3,-1,1,1,-1
3737,3738,5,1,1,-1,-1
3739,3740,-1,-1,-1,1,1
3740,3741,3,-1,1,1,1
3741,3742,-1,-1,-1,-1,1
3742,3743,5,-1,-1,1,1
3743,3744,3,-1,1,1,-1
3744,3745,-1,-1,1,1,1
3745,3746,1,-1,1,1,-1
3746,3747,1,1,1,1,-1
3747,3748,-1,-1,-1,1,1
3748,3749,-1,-1,-1,1,1
3749,3750,3,1,1,1,-1
3750,3751,3,1,1,1,-1
3751,3752,1,-1,1,1,-1
3752,3753,4,1,1,1,-1
3753,3754,3,-1,1,-1,1
3755,3756,3,-1,1,1,-1
3756,3757,3,-1,1,1,1
3757,3758,-1,-1,-1,1,1
3758,3759,5,1,1,-1,-1
3759,3760,3,-1,1,1,-1
3760,3761,1,-1,1,1,1
3761,3762,-1,-1,-1,1,1
3762,3763,3,1,1,1,-1
3763,3764,3,-1,-1,1,1
3764,3765,2,1,1,1,-1
3765,3766,-1,-1,-1,1,1
3766,3767,4,1,1,1,-1
3767,3768,-1,-1,1,1,1
3768,3769,-1,-1,1,-1,1
3769,3770,2,-1,1,1,-1
3770,3771,1,-1,1,1,1
3771,3772,4,-1,1,1,1
3772,3773,1,-1,1,1,-1
3773,3774,1,-1,1,1,1
3774,3775,2,-1,1,1,-1
3776,3777,4,1,1,1,-1
3777,3778,5,-1,1,-1,-1
3778,3779,1,1,1,1,-1
3779,3780,5,-1,-1,-1,1
3780,3781,3,1,1,1,-1
3783,3784,3,-1,-1,1,1
3784,3785,3,-1,-1,1,1
3785,3786,2,-1,1,1,-1
3786,3787,2,-1,1,1,-1
3787,3788,4,-1,1,1,-1
3789,3790,1,-1,1,-1,1
3790,3791,3,-1,1,1,1
3792,3793,1,-1,1,1,-1
3793,3794,5,-1,1,-1,-1
3795,3796,3,-1,1,1,1
3796,3797,3,-1,-1,1,1
3797,3798,4,-1,1,1,-1
3798,3799,2,-1,1,1,-1
3799,3800,4,1,1,1,-1
3800,3801,3,-1,-1,-1,1
3802,3803,-1,-1,1,1,1
3803,3804,-1,-1,-1,-1,1
3804,3805,1,-1,-1,1,1
3805,3806,3,-1,1,1,-1
3809,3810,4,-1,1,1,-1
3810,3811,1,1,1,1,-1
3811,3812,3,1,1,1,-1
3812,3813,4,1,1,1,-1
3813,3814,1,-1,1,1,1
3814,3815,5,1,1,-1,-1
3815,3816,1,-1,1,1,-1
3816,3817,3,1,1,1,-1
3817,3818,3,1,1,1,1
3818,3819,-1,-1,1,-1,1
3819,3820,1,-1,1,1,1
3820,3821,-1,-1,1,1,1
3821,3822,5,1,1,-1,-1
3822,3823,4,-1,1,1,1
3823,3824,4,-1,1,1,1
3824,3825,5,-1,1,-1,-1
3825,3826,3,-1,-1,1,1
3826,3827,4,-1,-1,1,1
3827,3828,4,-1,-1,1,1
3828,3829,-1,-1,1,-1,1
3829,3830,-1,-1,-1,1,1
3830,3831,4,-1,-1,1,1
3831,3832,5,-1,1,-1,1
3832,3833,5,1,1,-1,-1
3833,3834,4,-1,1,1,1
3835,3836,3,-1,1,1,-1
3836,3837,4,-1,-1,1,1
3837,3838,4,-1,-1,1,1
3838,3839,4,-1,-1,-1,1
3839,3840,2,-1,1,1,-1
3840,3841,1,-1,1,1,-1
3841,3842,1,-1,-1,1,1
3844,3845,4,-1,-1,1,1
3845,3846,-1,-1,1,1,1
3846,3847,2,-1,1,1,-1
3847,3848,4,-1,1,1,1
3848,3849,3,-1,-1,-1,1
3849,3850,4,-1,-1,1,1
3850,3851,4,1,1,1,-1
3851,3852,4,1,1,1,-1
3852,3853,-1,-1,1,1,1
3853,3854,4,-1,-1,-1,1
3854,3855,-1,1,-1,1,1
3855,3856,4,-1,1,1,-1
3856,3857,-1,-1,-1,1,1
3858,3859,3,-1,1,1,1
3859,3860,5,-1,1,-1,-1
3860,3861,3,-1,-1,1,1
3861,3862,2,1,1,1,-1
3862,3863,3,-1,1,1,-1
3863,3864,1,-1,1,-1,1
3864,3865,4,-1,-1,1,1
3865,3866,4,-1,1,1,1
3866,3867,4,-1,-1,-1,1
3867,3868,5,1,1,-1,-1
3868,3869,3,-1,1,1,1
3869,3870,-1,-1,-1,-1,1
3870,3871,1,-1,-1,1,1
3871,3872,-1,-1,-1,1,1
3872,3873,3,-1,1,1,-1
3873,3874,1,1,1,1,-1
3874,3875,4,-1,1,1,1
3875,3876,-1,-1,-1,1,1
3876,3877,3,-1,1,1,1
3877,3878,5,-1,1,-1,-1
3878,3879,-1,-1,-1,1,1
3879,3880,1,1,1,1,-1
3880,3881,-1,1,-1,1,1
3881,3882,5,1,1,-1,-1
3882,3883,4,-1,1,1,1
3883,3884,3,-1,1,1,-1
3884,3885,5,1,1,-1,-1
3885,3886,2,-1,1,1,-1
3886,3887,1,-1,1,1,-1
3889,3890,5,-1,1,-1,-1
3890,3891,-1,-1,-1,1,1
3891,3892,3,1,1,1,-1
3892,3893,-1,-1,-1,1,1
3893,3894,-1,-1,-1,1,1
3894,3895,2,-1,1,1,-1
3895,3896,1,1,1,1,-1
3897,3898,-1,-1,-1,1,1
3898,3899,4,-1,1,-1,1
3899,3900,5,1,1,-1,-1
3900,3901,1,1,1,1,-1
3901,3902,3,1,1,1,-1
3902,3903,4,-1,1,1,-1
3903,3904,3,-1,1,1,1
3904,3905,2,-1,1,1,-1
3905,3906,5,1,1,-1,-1
3906,3907,-1,-1,-1,1,1
3907,3908,-1,-1,1,1,1
3908,3909,1,1,1,1,-1
3909,3910,1,1,1,1,-1
3910,3911,4,-1,1,1,-1
3911,3912,1,-1,1,1,-1
3912,3913,4,-1,-1,1,1
